timestamp,longitude,sat_name,sat_operator,long_string,x_coord,y_coord,include
1/27/2020,115.3260556,SJ-17,China,115.3°E,0.822,-0.176,FALSE
1/26/2020,115.3380278,SJ-17,China,115.3°E,0.823,-0.176,FALSE
1/25/2020,115.3479722,SJ-17,China,115.3°E,0.823,-0.176,FALSE
1/24/2020,115.3535556,SJ-17,China,115.4°E,0.823,-0.176,FALSE
1/23/2020,115.3591389,SJ-17,China,115.4°E,0.823,-0.176,FALSE
1/22/2020,115.3633889,SJ-17,China,115.4°E,0.823,-0.176,FALSE
1/21/2020,115.3648056,SJ-17,China,115.4°E,0.823,-0.176,FALSE
1/20/2020,115.3658889,SJ-17,China,115.4°E,0.823,-0.176,FALSE
1/19/2020,115.3641389,SJ-17,China,115.4°E,0.823,-0.176,FALSE
1/18/2020,115.3623333,SJ-17,China,115.4°E,0.823,-0.176,FALSE
1/17/2020,115.35575,SJ-17,China,115.4°E,0.823,-0.176,FALSE
1/16/2020,115.3525,SJ-17,China,115.4°E,0.823,-0.176,FALSE
1/15/2020,115.3473611,SJ-17,China,115.3°E,0.823,-0.176,FALSE
1/14/2020,115.3401389,SJ-17,China,115.3°E,0.823,-0.176,FALSE
1/13/2020,115.3301111,SJ-17,China,115.3°E,0.822,-0.176,FALSE
1/12/2020,115.31775,SJ-17,China,115.3°E,0.822,-0.176,FALSE
1/11/2020,115.303,SJ-17,China,115.3°E,0.822,-0.176,FALSE
1/10/2020,115.2858056,SJ-17,China,115.3°E,0.822,-0.176,FALSE
1/9/2020,115.2641389,SJ-17,China,115.3°E,0.822,-0.176,FALSE
1/8/2020,115.2472222,SJ-17,China,115.2°E,0.822,-0.176,FALSE
1/7/2020,115.1969444,SJ-17,China,115.2°E,0.821,-0.176,FALSE
1/6/2020,115.2129722,SJ-17,China,115.2°E,0.821,-0.176,FALSE
1/5/2020,115.2273889,SJ-17,China,115.2°E,0.821,-0.176,FALSE
1/4/2020,115.2400278,SJ-17,China,115.2°E,0.822,-0.176,FALSE
1/3/2020,115.2505,SJ-17,China,115.3°E,0.822,-0.176,FALSE
1/2/2020,115.259,SJ-17,China,115.3°E,0.822,-0.176,FALSE
1/1/2020,115.2651389,SJ-17,China,115.3°E,0.822,-0.176,FALSE
12/31/2019,115.2687778,SJ-17,China,115.3°E,0.822,-0.176,FALSE
12/30/2019,115.2698056,SJ-17,China,115.3°E,0.822,-0.176,FALSE
12/29/2019,115.2684444,SJ-17,China,115.3°E,0.822,-0.176,FALSE
12/28/2019,115.2643889,SJ-17,China,115.3°E,0.822,-0.176,FALSE
12/27/2019,115.2579167,SJ-17,China,115.3°E,0.822,-0.176,FALSE
12/26/2019,115.2489722,SJ-17,China,115.2°E,0.822,-0.176,FALSE
12/25/2019,115.4025556,SJ-17,China,115.4°E,0.823,-0.175,FALSE
12/24/2019,115.3791667,SJ-17,China,115.4°E,0.823,-0.176,FALSE
12/23/2019,114.8388333,SJ-17,China,114.8°E,0.818,-0.178,FALSE
12/22/2019,114.2966944,SJ-17,China,114.3°E,0.812,-0.180,FALSE
12/21/2019,113.7526667,SJ-17,China,113.8°E,0.806,-0.183,FALSE
12/20/2019,113.2082222,SJ-17,China,113.2°E,0.801,-0.185,FALSE
12/19/2019,113.4270556,SJ-17,China,113.4°E,0.803,-0.184,FALSE
12/18/2019,112.1238611,SJ-17,China,112.1°E,0.789,-0.190,FALSE
12/17/2019,110.8180833,SJ-17,China,110.8°E,0.775,-0.195,FALSE
12/16/2019,109.5093611,SJ-17,China,109.5°E,0.761,-0.201,FALSE
12/15/2019,108.1984167,SJ-17,China,108.2°E,0.745,-0.206,FALSE
12/14/2019,106.8991667,SJ-17,China,106.9°E,0.730,-0.211,FALSE
12/13/2019,105.5704444,SJ-17,China,105.6°E,0.714,-0.216,FALSE
12/12/2019,104.2544444,SJ-17,China,104.3°E,0.698,-0.221,FALSE
12/11/2019,102.9308333,SJ-17,China,102.9°E,0.681,-0.226,FALSE
12/10/2019,101.60425,SJ-17,China,101.6°E,0.664,-0.231,FALSE
12/9/2019,100.2724722,SJ-17,China,100.3°E,0.646,-0.236,FALSE
12/8/2019,98.60216667,SJ-17,China,98.6°E,0.624,-0.241,FALSE
12/7/2019,97.96625,SJ-17,China,98.0°E,0.615,-0.244,FALSE
12/6/2019,97.61130556,SJ-17,China,97.6°E,0.610,-0.245,FALSE
12/5/2019,96.38408333,SJ-17,China,96.4°E,0.593,-0.249,FALSE
12/4/2019,95.15563889,SJ-17,China,95.2°E,0.576,-0.253,FALSE
12/3/2019,93.9255,SJ-17,China,93.9°E,0.558,-0.256,FALSE
12/2/2019,92.69544444,SJ-17,China,92.7°E,0.540,-0.260,FALSE
12/1/2019,91.46805556,SJ-17,China,91.5°E,0.522,-0.264,FALSE
11/30/2019,90.22405556,SJ-17,China,90.2°E,0.503,-0.267,FALSE
11/29/2019,88.98855556,SJ-17,China,89.0°E,0.485,-0.270,FALSE
11/28/2019,87.74361111,SJ-17,China,87.7°E,0.466,-0.273,FALSE
11/27/2019,85.82636111,SJ-17,China,85.8°E,0.436,-0.278,FALSE
11/26/2019,85.42813889,SJ-17,China,85.4°E,0.429,-0.279,FALSE
11/25/2019,85.02355556,SJ-17,China,85.0°E,0.423,-0.280,FALSE
11/24/2019,84.22069444,SJ-17,China,84.2°E,0.410,-0.282,FALSE
11/23/2019,84.10741667,SJ-17,China,84.1°E,0.408,-0.282,FALSE
11/22/2019,83.96913889,SJ-17,China,84.0°E,0.406,-0.282,FALSE
11/21/2019,83.715,SJ-17,China,83.7°E,0.402,-0.283,FALSE
11/20/2019,83.75972222,SJ-17,China,83.8°E,0.403,-0.283,FALSE
11/19/2019,83.18252778,SJ-17,China,83.2°E,0.394,-0.284,FALSE
11/18/2019,83.37077778,SJ-17,China,83.4°E,0.397,-0.284,FALSE
11/17/2019,84.21830556,SJ-17,China,84.2°E,0.410,-0.282,FALSE
11/16/2019,84.95355556,SJ-17,China,85.0°E,0.422,-0.280,FALSE
11/15/2019,85.93680556,SJ-17,China,85.9°E,0.437,-0.278,FALSE
11/14/2019,87.31716667,SJ-17,China,87.3°E,0.459,-0.275,FALSE
11/13/2019,87.41352778,SJ-17,China,87.4°E,0.460,-0.274,FALSE
11/12/2019,88.52938889,SJ-17,China,88.5°E,0.478,-0.271,FALSE
11/11/2019,89.70272222,SJ-17,China,89.7°E,0.495,-0.268,FALSE
11/10/2019,90.87802778,SJ-17,China,90.9°E,0.513,-0.265,FALSE
11/9/2019,92.79219444,SJ-17,China,92.8°E,0.542,-0.260,FALSE
11/8/2019,94.32327778,SJ-17,China,94.3°E,0.564,-0.255,FALSE
11/7/2019,94.32030556,SJ-17,China,94.3°E,0.564,-0.255,FALSE
11/6/2019,94.31641667,SJ-17,China,94.3°E,0.564,-0.255,FALSE
11/5/2019,94.31008333,SJ-17,China,94.3°E,0.564,-0.255,FALSE
11/4/2019,94.30325,SJ-17,China,94.3°E,0.564,-0.255,FALSE
11/3/2019,94.29397222,SJ-17,China,94.3°E,0.563,-0.255,FALSE
11/2/2019,94.28383333,SJ-17,China,94.3°E,0.563,-0.255,FALSE
11/1/2019,94.27333333,SJ-17,China,94.3°E,0.563,-0.255,FALSE
10/31/2019,94.25825,SJ-17,China,94.3°E,0.563,-0.255,FALSE
10/30/2019,94.14805556,SJ-17,China,94.1°E,0.561,-0.256,FALSE
10/29/2019,94.16597222,SJ-17,China,94.2°E,0.562,-0.256,FALSE
10/28/2019,94.22983333,SJ-17,China,94.2°E,0.563,-0.255,FALSE
10/27/2019,94.14488889,SJ-17,China,94.1°E,0.561,-0.256,FALSE
10/26/2019,94.20411111,SJ-17,China,94.2°E,0.562,-0.256,FALSE
10/25/2019,94.145,SJ-17,China,94.1°E,0.561,-0.256,FALSE
10/24/2019,94.167,SJ-17,China,94.2°E,0.562,-0.256,FALSE
10/23/2019,94.18511111,SJ-17,China,94.2°E,0.562,-0.256,FALSE
10/22/2019,94.20141667,SJ-17,China,94.2°E,0.562,-0.256,FALSE
10/21/2019,94.21669444,SJ-17,China,94.2°E,0.562,-0.256,FALSE
10/20/2019,94.231,SJ-17,China,94.2°E,0.563,-0.255,FALSE
10/19/2019,94.24236111,SJ-17,China,94.2°E,0.563,-0.255,FALSE
10/18/2019,94.25219444,SJ-17,China,94.3°E,0.563,-0.255,FALSE
10/17/2019,94.26019444,SJ-17,China,94.3°E,0.563,-0.255,FALSE
10/16/2019,94.26897222,SJ-17,China,94.3°E,0.563,-0.255,FALSE
10/15/2019,94.27819444,SJ-17,China,94.3°E,0.563,-0.255,FALSE
10/14/2019,94.2845,SJ-17,China,94.3°E,0.563,-0.255,FALSE
10/13/2019,94.28930556,SJ-17,China,94.3°E,0.563,-0.255,FALSE
10/12/2019,94.29213889,SJ-17,China,94.3°E,0.563,-0.255,FALSE
10/11/2019,94.29438889,SJ-17,China,94.3°E,0.563,-0.255,FALSE
10/10/2019,94.29427778,SJ-17,China,94.3°E,0.563,-0.255,FALSE
10/9/2019,94.29266667,SJ-17,China,94.3°E,0.563,-0.255,FALSE
10/8/2019,94.29080556,SJ-17,China,94.3°E,0.563,-0.255,FALSE
10/7/2019,94.28561111,SJ-17,China,94.3°E,0.563,-0.255,FALSE
10/6/2019,94.27697222,SJ-17,China,94.3°E,0.563,-0.255,FALSE
10/5/2019,94.26925,SJ-17,China,94.3°E,0.563,-0.255,FALSE
10/4/2019,94.26341667,SJ-17,China,94.3°E,0.563,-0.255,FALSE
10/3/2019,94.25594444,SJ-17,China,94.3°E,0.563,-0.255,FALSE
10/2/2019,94.24952778,SJ-17,China,94.2°E,0.563,-0.255,FALSE
10/1/2019,94.24194444,SJ-17,China,94.2°E,0.563,-0.255,FALSE
9/30/2019,94.22908333,SJ-17,China,94.2°E,0.563,-0.255,FALSE
9/29/2019,94.22377778,SJ-17,China,94.2°E,0.562,-0.256,FALSE
9/28/2019,94.22088889,SJ-17,China,94.2°E,0.562,-0.256,FALSE
9/27/2019,94.20333333,SJ-17,China,94.2°E,0.562,-0.256,FALSE
9/26/2019,94.09675,SJ-17,China,94.1°E,0.561,-0.256,FALSE
9/25/2019,94.14702778,SJ-17,China,94.1°E,0.561,-0.256,FALSE
9/24/2019,94.11769444,SJ-17,China,94.1°E,0.561,-0.256,FALSE
9/23/2019,94.13077778,SJ-17,China,94.1°E,0.561,-0.256,FALSE
9/22/2019,94.13966667,SJ-17,China,94.1°E,0.561,-0.256,FALSE
9/21/2019,94.14855556,SJ-17,China,94.1°E,0.561,-0.256,FALSE
9/20/2019,94.15688889,SJ-17,China,94.2°E,0.561,-0.256,FALSE
9/19/2019,94.16397222,SJ-17,China,94.2°E,0.562,-0.256,FALSE
9/18/2019,94.16875,SJ-17,China,94.2°E,0.562,-0.256,FALSE
9/17/2019,94.17477778,SJ-17,China,94.2°E,0.562,-0.256,FALSE
9/16/2019,94.18080556,SJ-17,China,94.2°E,0.562,-0.256,FALSE
9/15/2019,94.18169444,SJ-17,China,94.2°E,0.562,-0.256,FALSE
9/14/2019,94.18305556,SJ-17,China,94.2°E,0.562,-0.256,FALSE
9/13/2019,94.18213889,SJ-17,China,94.2°E,0.562,-0.256,FALSE
9/12/2019,94.18108333,SJ-17,China,94.2°E,0.562,-0.256,FALSE
9/11/2019,94.17858333,SJ-17,China,94.2°E,0.562,-0.256,FALSE
9/10/2019,94.17361111,SJ-17,China,94.2°E,0.562,-0.256,FALSE
9/9/2019,94.16747222,SJ-17,China,94.2°E,0.562,-0.256,FALSE
9/8/2019,94.15675,SJ-17,China,94.2°E,0.561,-0.256,FALSE
9/7/2019,94.13019444,SJ-17,China,94.1°E,0.561,-0.256,FALSE
9/6/2019,94.09105556,SJ-17,China,94.1°E,0.561,-0.256,FALSE
9/5/2019,94.10858333,SJ-17,China,94.1°E,0.561,-0.256,FALSE
9/4/2019,94.13002778,SJ-17,China,94.1°E,0.561,-0.256,FALSE
9/3/2019,94.15077778,SJ-17,China,94.2°E,0.561,-0.256,FALSE
9/2/2019,94.1705,SJ-17,China,94.2°E,0.562,-0.256,FALSE
9/1/2019,94.18844444,SJ-17,China,94.2°E,0.562,-0.256,FALSE
8/31/2019,94.20427778,SJ-17,China,94.2°E,0.562,-0.256,FALSE
8/30/2019,94.21725,SJ-17,China,94.2°E,0.562,-0.256,FALSE
8/29/2019,94.22819444,SJ-17,China,94.2°E,0.562,-0.255,FALSE
8/28/2019,94.23525,SJ-17,China,94.2°E,0.563,-0.255,FALSE
8/27/2019,94.2415,SJ-17,China,94.2°E,0.563,-0.255,FALSE
8/26/2019,94.24558333,SJ-17,China,94.2°E,0.563,-0.255,FALSE
8/25/2019,94.24891667,SJ-17,China,94.2°E,0.563,-0.255,FALSE
8/24/2019,94.24905556,SJ-17,China,94.2°E,0.563,-0.255,FALSE
8/23/2019,94.25105556,SJ-17,China,94.3°E,0.563,-0.255,FALSE
8/22/2019,94.25127778,SJ-17,China,94.3°E,0.563,-0.255,FALSE
8/21/2019,94.24905556,SJ-17,China,94.2°E,0.563,-0.255,FALSE
8/20/2019,94.24616667,SJ-17,China,94.2°E,0.563,-0.255,FALSE
8/19/2019,94.24291667,SJ-17,China,94.2°E,0.563,-0.255,FALSE
8/18/2019,94.23772222,SJ-17,China,94.2°E,0.563,-0.255,FALSE
8/17/2019,94.23097222,SJ-17,China,94.2°E,0.563,-0.255,FALSE
8/16/2019,94.21944444,SJ-17,China,94.2°E,0.562,-0.256,FALSE
8/15/2019,94.20925,SJ-17,China,94.2°E,0.562,-0.256,FALSE
8/14/2019,94.19880556,SJ-17,China,94.2°E,0.562,-0.256,FALSE
8/13/2019,94.19069444,SJ-17,China,94.2°E,0.562,-0.256,FALSE
8/12/2019,94.17688889,SJ-17,China,94.2°E,0.562,-0.256,FALSE
8/11/2019,94.16541667,SJ-17,China,94.2°E,0.562,-0.256,FALSE
8/10/2019,94.13861111,SJ-17,China,94.1°E,0.561,-0.256,FALSE
8/9/2019,94.0495,SJ-17,China,94.0°E,0.560,-0.256,FALSE
8/8/2019,94.06866667,SJ-17,China,94.1°E,0.560,-0.256,FALSE
8/7/2019,94.09127778,SJ-17,China,94.1°E,0.561,-0.256,FALSE
8/6/2019,94.11494444,SJ-17,China,94.1°E,0.561,-0.256,FALSE
8/5/2019,94.13827778,SJ-17,China,94.1°E,0.561,-0.256,FALSE
8/4/2019,94.15869444,SJ-17,China,94.2°E,0.561,-0.256,FALSE
8/3/2019,94.17611111,SJ-17,China,94.2°E,0.562,-0.256,FALSE
8/2/2019,94.19163889,SJ-17,China,94.2°E,0.562,-0.256,FALSE
8/1/2019,94.20413889,SJ-17,China,94.2°E,0.562,-0.256,FALSE
7/31/2019,94.21458333,SJ-17,China,94.2°E,0.562,-0.256,FALSE
7/30/2019,94.22244444,SJ-17,China,94.2°E,0.562,-0.256,FALSE
7/29/2019,94.23069444,SJ-17,China,94.2°E,0.563,-0.255,FALSE
7/28/2019,94.23766667,SJ-17,China,94.2°E,0.563,-0.255,FALSE
7/27/2019,94.24069444,SJ-17,China,94.2°E,0.563,-0.255,FALSE
7/26/2019,94.24219444,SJ-17,China,94.2°E,0.563,-0.255,FALSE
7/25/2019,94.24219444,SJ-17,China,94.2°E,0.563,-0.255,FALSE
7/24/2019,94.24094444,SJ-17,China,94.2°E,0.563,-0.255,FALSE
7/23/2019,94.24002778,SJ-17,China,94.2°E,0.563,-0.255,FALSE
7/22/2019,94.23905556,SJ-17,China,94.2°E,0.563,-0.255,FALSE
7/21/2019,94.23519444,SJ-17,China,94.2°E,0.563,-0.255,FALSE
7/20/2019,94.22880556,SJ-17,China,94.2°E,0.562,-0.255,FALSE
7/19/2019,94.22169444,SJ-17,China,94.2°E,0.562,-0.256,FALSE
7/18/2019,94.21122222,SJ-17,China,94.2°E,0.562,-0.256,FALSE
7/17/2019,94.20125,SJ-17,China,94.2°E,0.562,-0.256,FALSE
7/16/2019,94.1885,SJ-17,China,94.2°E,0.562,-0.256,FALSE
7/15/2019,94.17702778,SJ-17,China,94.2°E,0.562,-0.256,FALSE
7/14/2019,94.16408333,SJ-17,China,94.2°E,0.562,-0.256,FALSE
7/13/2019,94.15491667,SJ-17,China,94.2°E,0.561,-0.256,FALSE
7/12/2019,94.13841667,SJ-17,China,94.1°E,0.561,-0.256,FALSE
7/11/2019,94.04133333,SJ-17,China,94.0°E,0.560,-0.256,FALSE
7/10/2019,94.03641667,SJ-17,China,94.0°E,0.560,-0.256,FALSE
7/9/2019,94.05480556,SJ-17,China,94.1°E,0.560,-0.256,FALSE
7/8/2019,94.07530556,SJ-17,China,94.1°E,0.560,-0.256,FALSE
7/7/2019,94.09616667,SJ-17,China,94.1°E,0.561,-0.256,FALSE
7/6/2019,94.11313889,SJ-17,China,94.1°E,0.561,-0.256,FALSE
7/5/2019,94.12772222,SJ-17,China,94.1°E,0.561,-0.256,FALSE
7/4/2019,94.13944444,SJ-17,China,94.1°E,0.561,-0.256,FALSE
7/3/2019,94.14836111,SJ-17,China,94.1°E,0.561,-0.256,FALSE
7/2/2019,94.15663889,SJ-17,China,94.2°E,0.561,-0.256,FALSE
7/1/2019,94.16425,SJ-17,China,94.2°E,0.562,-0.256,FALSE
6/30/2019,94.16997222,SJ-17,China,94.2°E,0.562,-0.256,FALSE
6/29/2019,94.17477778,SJ-17,China,94.2°E,0.562,-0.256,FALSE
6/28/2019,94.17994444,SJ-17,China,94.2°E,0.562,-0.256,FALSE
6/27/2019,94.18308333,SJ-17,China,94.2°E,0.562,-0.256,FALSE
6/26/2019,94.18516667,SJ-17,China,94.2°E,0.562,-0.256,FALSE
6/25/2019,94.18602778,SJ-17,China,94.2°E,0.562,-0.256,FALSE
6/24/2019,94.18619444,SJ-17,China,94.2°E,0.562,-0.256,FALSE
6/23/2019,94.18297222,SJ-17,China,94.2°E,0.562,-0.256,FALSE
6/22/2019,94.17963889,SJ-17,China,94.2°E,0.562,-0.256,FALSE
6/21/2019,94.16902778,SJ-17,China,94.2°E,0.562,-0.256,FALSE
6/20/2019,94.16191667,SJ-17,China,94.2°E,0.562,-0.256,FALSE
6/19/2019,94.15455556,SJ-17,China,94.2°E,0.561,-0.256,FALSE
6/18/2019,94.1365,SJ-17,China,94.1°E,0.561,-0.256,FALSE
6/17/2019,94.12261111,SJ-17,China,94.1°E,0.561,-0.256,FALSE
6/16/2019,94.07422222,SJ-17,China,94.1°E,0.560,-0.256,FALSE
6/15/2019,94.09344444,SJ-17,China,94.1°E,0.561,-0.256,FALSE
6/14/2019,94.11786111,SJ-17,China,94.1°E,0.561,-0.256,FALSE
6/13/2019,94.14116667,SJ-17,China,94.1°E,0.561,-0.256,FALSE
6/12/2019,94.16241667,SJ-17,China,94.2°E,0.562,-0.256,FALSE
6/11/2019,94.18233333,SJ-17,China,94.2°E,0.562,-0.256,FALSE
6/10/2019,94.20538889,SJ-17,China,94.2°E,0.562,-0.256,FALSE
6/9/2019,94.21863889,SJ-17,China,94.2°E,0.562,-0.256,FALSE
6/8/2019,94.28336111,SJ-17,China,94.3°E,0.563,-0.255,FALSE
6/7/2019,94.28655556,SJ-17,China,94.3°E,0.563,-0.255,FALSE
6/6/2019,94.28222222,SJ-17,China,94.3°E,0.563,-0.255,FALSE
6/5/2019,94.31691667,SJ-17,China,94.3°E,0.564,-0.255,FALSE
6/4/2019,94.29805556,SJ-17,China,94.3°E,0.563,-0.255,FALSE
6/3/2019,94.26116667,SJ-17,China,94.3°E,0.563,-0.255,FALSE
6/2/2019,94.24483333,SJ-17,China,94.2°E,0.563,-0.255,FALSE
6/1/2019,94.21822222,SJ-17,China,94.2°E,0.562,-0.256,FALSE
5/31/2019,94.19127778,SJ-17,China,94.2°E,0.562,-0.256,FALSE
5/30/2019,94.15413889,SJ-17,China,94.2°E,0.561,-0.256,FALSE
5/29/2019,94.08975,SJ-17,China,94.1°E,0.560,-0.256,FALSE
5/28/2019,94.08286111,SJ-17,China,94.1°E,0.560,-0.256,FALSE
5/27/2019,94.07638889,SJ-17,China,94.1°E,0.560,-0.256,FALSE
5/26/2019,94.06805556,SJ-17,China,94.1°E,0.560,-0.256,FALSE
5/25/2019,94.05872222,SJ-17,China,94.1°E,0.560,-0.256,FALSE
5/24/2019,94.04719444,SJ-17,China,94.0°E,0.560,-0.256,FALSE
5/23/2019,94.035,SJ-17,China,94.0°E,0.560,-0.256,FALSE
5/22/2019,94.02213889,SJ-17,China,94.0°E,0.560,-0.256,FALSE
5/21/2019,94.00841667,SJ-17,China,94.0°E,0.559,-0.256,FALSE
5/20/2019,93.99577778,SJ-17,China,94.0°E,0.559,-0.256,FALSE
5/19/2019,93.9835,SJ-17,China,94.0°E,0.559,-0.256,FALSE
5/18/2019,93.96461111,SJ-17,China,94.0°E,0.559,-0.256,FALSE
5/17/2019,93.94916667,SJ-17,China,93.9°E,0.558,-0.256,FALSE
5/16/2019,93.92961111,SJ-17,China,93.9°E,0.558,-0.256,FALSE
5/15/2019,93.9115,SJ-17,China,93.9°E,0.558,-0.256,FALSE
5/14/2019,93.89066667,SJ-17,China,93.9°E,0.558,-0.257,FALSE
5/13/2019,93.86997222,SJ-17,China,93.9°E,0.557,-0.257,FALSE
5/12/2019,93.84680556,SJ-17,China,93.8°E,0.557,-0.257,FALSE
5/11/2019,93.81966667,SJ-17,China,93.8°E,0.557,-0.257,FALSE
5/10/2019,93.79063889,SJ-17,China,93.8°E,0.556,-0.257,FALSE
5/9/2019,93.76236111,SJ-17,China,93.8°E,0.556,-0.257,FALSE
5/8/2019,93.74591667,SJ-17,China,93.7°E,0.556,-0.257,FALSE
5/7/2019,93.65894444,SJ-17,China,93.7°E,0.554,-0.257,FALSE
5/6/2019,93.6635,SJ-17,China,93.7°E,0.554,-0.257,FALSE
5/5/2019,93.66583333,SJ-17,China,93.7°E,0.554,-0.257,FALSE
5/4/2019,93.67033333,SJ-17,China,93.7°E,0.554,-0.257,FALSE
5/3/2019,93.67269444,SJ-17,China,93.7°E,0.554,-0.257,FALSE
5/2/2019,93.67119444,SJ-17,China,93.7°E,0.554,-0.257,FALSE
5/1/2019,93.66522222,SJ-17,China,93.7°E,0.554,-0.257,FALSE
4/30/2019,93.65711111,SJ-17,China,93.7°E,0.554,-0.257,FALSE
4/29/2019,93.62422222,SJ-17,China,93.6°E,0.554,-0.257,FALSE
4/28/2019,93.653,SJ-17,China,93.7°E,0.554,-0.257,FALSE
4/27/2019,93.68988889,SJ-17,China,93.7°E,0.555,-0.257,FALSE
4/26/2019,93.72530556,SJ-17,China,93.7°E,0.555,-0.257,FALSE
4/25/2019,93.75902778,SJ-17,China,93.8°E,0.556,-0.257,FALSE
4/24/2019,93.79419444,SJ-17,China,93.8°E,0.556,-0.257,FALSE
4/23/2019,93.82769444,SJ-17,China,93.8°E,0.557,-0.257,FALSE
4/22/2019,93.86322222,SJ-17,China,93.9°E,0.557,-0.257,FALSE
4/21/2019,93.89841667,SJ-17,China,93.9°E,0.558,-0.256,FALSE
4/20/2019,93.94019444,SJ-17,China,93.9°E,0.558,-0.256,FALSE
4/19/2019,93.97788889,SJ-17,China,94.0°E,0.559,-0.256,FALSE
4/18/2019,94.01569444,SJ-17,China,94.0°E,0.559,-0.256,FALSE
4/17/2019,94.04944444,SJ-17,China,94.0°E,0.560,-0.256,FALSE
4/16/2019,94.08516667,SJ-17,China,94.1°E,0.560,-0.256,FALSE
4/15/2019,94.11369444,SJ-17,China,94.1°E,0.561,-0.256,FALSE
4/14/2019,94.14358333,SJ-17,China,94.1°E,0.561,-0.256,FALSE
4/13/2019,94.17177778,SJ-17,China,94.2°E,0.562,-0.256,FALSE
4/12/2019,94.1975,SJ-17,China,94.2°E,0.562,-0.256,FALSE
4/11/2019,94.22216667,SJ-17,China,94.2°E,0.562,-0.256,FALSE
4/10/2019,94.24588889,SJ-17,China,94.2°E,0.563,-0.255,FALSE
4/9/2019,94.26830556,SJ-17,China,94.3°E,0.563,-0.255,FALSE
4/8/2019,94.28952778,SJ-17,China,94.3°E,0.563,-0.255,FALSE
4/7/2019,94.30930556,SJ-17,China,94.3°E,0.564,-0.255,FALSE
4/6/2019,94.32833333,SJ-17,China,94.3°E,0.564,-0.255,FALSE
4/5/2019,94.34722222,SJ-17,China,94.3°E,0.564,-0.255,FALSE
4/4/2019,94.36436111,SJ-17,China,94.4°E,0.564,-0.255,FALSE
4/3/2019,94.37997222,SJ-17,China,94.4°E,0.565,-0.255,FALSE
4/2/2019,94.39327778,SJ-17,China,94.4°E,0.565,-0.255,FALSE
4/1/2019,94.43161111,SJ-17,China,94.4°E,0.565,-0.255,FALSE
3/31/2019,94.41833333,SJ-17,China,94.4°E,0.565,-0.255,FALSE
3/30/2019,94.45888889,SJ-17,China,94.5°E,0.566,-0.255,FALSE
3/29/2019,94.43080556,SJ-17,China,94.4°E,0.565,-0.255,FALSE
3/28/2019,94.40152778,SJ-17,China,94.4°E,0.565,-0.255,FALSE
3/27/2019,94.355,SJ-17,China,94.4°E,0.564,-0.255,FALSE
3/26/2019,94.34061111,SJ-17,China,94.3°E,0.564,-0.255,FALSE
3/25/2019,94.31194444,SJ-17,China,94.3°E,0.564,-0.255,FALSE
3/24/2019,94.27830556,SJ-17,China,94.3°E,0.563,-0.255,FALSE
3/23/2019,94.20727778,SJ-17,China,94.2°E,0.562,-0.256,FALSE
3/22/2019,94.20808333,SJ-17,China,94.2°E,0.562,-0.256,FALSE
3/21/2019,94.20869444,SJ-17,China,94.2°E,0.562,-0.256,FALSE
3/20/2019,94.20766667,SJ-17,China,94.2°E,0.562,-0.256,FALSE
3/19/2019,94.20566667,SJ-17,China,94.2°E,0.562,-0.256,FALSE
3/18/2019,94.20038889,SJ-17,China,94.2°E,0.562,-0.256,FALSE
3/17/2019,94.19333333,SJ-17,China,94.2°E,0.562,-0.256,FALSE
3/16/2019,94.18358333,SJ-17,China,94.2°E,0.562,-0.256,FALSE
3/15/2019,94.17152778,SJ-17,China,94.2°E,0.562,-0.256,FALSE
3/14/2019,94.16161111,SJ-17,China,94.2°E,0.562,-0.256,FALSE
3/13/2019,94.12458333,SJ-17,China,94.1°E,0.561,-0.256,FALSE
3/12/2019,94.11455556,SJ-17,China,94.1°E,0.561,-0.256,FALSE
3/11/2019,94.13125,SJ-17,China,94.1°E,0.561,-0.256,FALSE
3/10/2019,94.14566667,SJ-17,China,94.1°E,0.561,-0.256,FALSE
3/9/2019,94.15877778,SJ-17,China,94.2°E,0.561,-0.256,FALSE
3/8/2019,94.17138889,SJ-17,China,94.2°E,0.562,-0.256,FALSE
3/7/2019,94.18111111,SJ-17,China,94.2°E,0.562,-0.256,FALSE
3/6/2019,94.189,SJ-17,China,94.2°E,0.562,-0.256,FALSE
3/5/2019,94.19616667,SJ-17,China,94.2°E,0.562,-0.256,FALSE
3/4/2019,94.20291667,SJ-17,China,94.2°E,0.562,-0.256,FALSE
3/3/2019,94.20841667,SJ-17,China,94.2°E,0.562,-0.256,FALSE
3/2/2019,94.21005556,SJ-17,China,94.2°E,0.562,-0.256,FALSE
3/1/2019,94.20952778,SJ-17,China,94.2°E,0.562,-0.256,FALSE
2/28/2019,94.20902778,SJ-17,China,94.2°E,0.562,-0.256,FALSE
2/27/2019,94.21013889,SJ-17,China,94.2°E,0.562,-0.256,FALSE
2/26/2019,94.21127778,SJ-17,China,94.2°E,0.562,-0.256,FALSE
2/25/2019,94.21205556,SJ-17,China,94.2°E,0.562,-0.256,FALSE
2/24/2019,94.2095,SJ-17,China,94.2°E,0.562,-0.256,FALSE
2/23/2019,94.20316667,SJ-17,China,94.2°E,0.562,-0.256,FALSE
2/22/2019,94.19883333,SJ-17,China,94.2°E,0.562,-0.256,FALSE
2/21/2019,94.13661111,SJ-17,China,94.1°E,0.561,-0.256,FALSE
2/20/2019,94.14563889,SJ-17,China,94.1°E,0.561,-0.256,FALSE
2/19/2019,94.16097222,SJ-17,China,94.2°E,0.562,-0.256,FALSE
2/18/2019,94.1775,SJ-17,China,94.2°E,0.562,-0.256,FALSE
2/17/2019,94.1895,SJ-17,China,94.2°E,0.562,-0.256,FALSE
2/16/2019,94.19855556,SJ-17,China,94.2°E,0.562,-0.256,FALSE
2/15/2019,94.20763889,SJ-17,China,94.2°E,0.562,-0.256,FALSE
2/14/2019,94.21597222,SJ-17,China,94.2°E,0.562,-0.256,FALSE
2/13/2019,94.22172222,SJ-17,China,94.2°E,0.562,-0.256,FALSE
2/12/2019,94.22763889,SJ-17,China,94.2°E,0.562,-0.255,FALSE
2/11/2019,94.23288889,SJ-17,China,94.2°E,0.563,-0.255,FALSE
2/10/2019,94.23655556,SJ-17,China,94.2°E,0.563,-0.255,FALSE
2/9/2019,94.23788889,SJ-17,China,94.2°E,0.563,-0.255,FALSE
2/8/2019,94.23219444,SJ-17,China,94.2°E,0.563,-0.255,FALSE
2/7/2019,94.22077778,SJ-17,China,94.2°E,0.562,-0.256,FALSE
2/6/2019,94.212,SJ-17,China,94.2°E,0.562,-0.256,FALSE
2/5/2019,94.19888889,SJ-17,China,94.2°E,0.562,-0.256,FALSE
2/4/2019,94.19738889,SJ-17,China,94.2°E,0.562,-0.256,FALSE
2/3/2019,94.197,SJ-17,China,94.2°E,0.562,-0.256,FALSE
2/2/2019,94.20169444,SJ-17,China,94.2°E,0.562,-0.256,FALSE
2/1/2019,94.20594444,SJ-17,China,94.2°E,0.562,-0.256,FALSE
1/31/2019,94.20966667,SJ-17,China,94.2°E,0.562,-0.256,FALSE
1/30/2019,94.2105,SJ-17,China,94.2°E,0.562,-0.256,FALSE
1/29/2019,94.21097222,SJ-17,China,94.2°E,0.562,-0.256,FALSE
1/28/2019,94.21266667,SJ-17,China,94.2°E,0.562,-0.256,FALSE
1/27/2019,94.21236111,SJ-17,China,94.2°E,0.562,-0.256,FALSE
1/26/2019,94.21241667,SJ-17,China,94.2°E,0.562,-0.256,FALSE
1/25/2019,94.21161111,SJ-17,China,94.2°E,0.562,-0.256,FALSE
1/24/2019,94.20797222,SJ-17,China,94.2°E,0.562,-0.256,FALSE
1/23/2019,94.20222222,SJ-17,China,94.2°E,0.562,-0.256,FALSE
1/22/2019,94.19705556,SJ-17,China,94.2°E,0.562,-0.256,FALSE
1/21/2019,94.15172222,SJ-17,China,94.2°E,0.561,-0.256,FALSE
1/20/2019,94.14583333,SJ-17,China,94.1°E,0.561,-0.256,FALSE
1/19/2019,94.14341667,SJ-17,China,94.1°E,0.561,-0.256,FALSE
1/18/2019,94.16013889,SJ-17,China,94.2°E,0.562,-0.256,FALSE
1/17/2019,94.17305556,SJ-17,China,94.2°E,0.562,-0.256,FALSE
1/16/2019,94.18516667,SJ-17,China,94.2°E,0.562,-0.256,FALSE
1/15/2019,94.19513889,SJ-17,China,94.2°E,0.562,-0.256,FALSE
1/14/2019,94.20538889,SJ-17,China,94.2°E,0.562,-0.256,FALSE
1/13/2019,94.21530556,SJ-17,China,94.2°E,0.562,-0.256,FALSE
1/12/2019,94.22222222,SJ-17,China,94.2°E,0.562,-0.256,FALSE
1/11/2019,94.22827778,SJ-17,China,94.2°E,0.562,-0.255,FALSE
1/10/2019,94.23188889,SJ-17,China,94.2°E,0.563,-0.255,FALSE
1/9/2019,94.233,SJ-17,China,94.2°E,0.563,-0.255,FALSE
1/8/2019,94.23205556,SJ-17,China,94.2°E,0.563,-0.255,FALSE
1/7/2019,94.22927778,SJ-17,China,94.2°E,0.563,-0.255,FALSE
1/6/2019,94.22144444,SJ-17,China,94.2°E,0.562,-0.256,FALSE
1/5/2019,94.21588889,SJ-17,China,94.2°E,0.562,-0.256,FALSE
1/4/2019,94.21216667,SJ-17,China,94.2°E,0.562,-0.256,FALSE
1/3/2019,94.20633333,SJ-17,China,94.2°E,0.562,-0.256,FALSE
1/2/2019,94.19938889,SJ-17,China,94.2°E,0.562,-0.256,FALSE
1/1/2019,94.192,SJ-17,China,94.2°E,0.562,-0.256,FALSE
12/31/2018,94.18094444,SJ-17,China,94.2°E,0.562,-0.256,FALSE
12/30/2018,94.17805556,SJ-17,China,94.2°E,0.562,-0.256,FALSE
12/29/2018,94.14294444,SJ-17,China,94.1°E,0.561,-0.256,FALSE
12/28/2018,94.16269444,SJ-17,China,94.2°E,0.562,-0.256,FALSE
12/27/2018,94.11244444,SJ-17,China,94.1°E,0.561,-0.256,FALSE
12/26/2018,94.12786111,SJ-17,China,94.1°E,0.561,-0.256,FALSE
12/25/2018,94.14638889,SJ-17,China,94.1°E,0.561,-0.256,FALSE
12/24/2018,94.15877778,SJ-17,China,94.2°E,0.561,-0.256,FALSE
12/23/2018,94.16861111,SJ-17,China,94.2°E,0.562,-0.256,FALSE
12/22/2018,94.17875,SJ-17,China,94.2°E,0.562,-0.256,FALSE
12/21/2018,94.18594444,SJ-17,China,94.2°E,0.562,-0.256,FALSE
12/20/2018,94.19283333,SJ-17,China,94.2°E,0.562,-0.256,FALSE
12/19/2018,94.19863889,SJ-17,China,94.2°E,0.562,-0.256,FALSE
12/18/2018,94.20575,SJ-17,China,94.2°E,0.562,-0.256,FALSE
12/17/2018,94.21147222,SJ-17,China,94.2°E,0.562,-0.256,FALSE
12/16/2018,94.21411111,SJ-17,China,94.2°E,0.562,-0.256,FALSE
12/15/2018,94.22013889,SJ-17,China,94.2°E,0.562,-0.256,FALSE
12/14/2018,94.21363889,SJ-17,China,94.2°E,0.562,-0.256,FALSE
12/13/2018,94.21141667,SJ-17,China,94.2°E,0.562,-0.256,FALSE
12/12/2018,94.20597222,SJ-17,China,94.2°E,0.562,-0.256,FALSE
12/11/2018,94.1995,SJ-17,China,94.2°E,0.562,-0.256,FALSE
12/10/2018,94.19036111,SJ-17,China,94.2°E,0.562,-0.256,FALSE
12/9/2018,94.18052778,SJ-17,China,94.2°E,0.562,-0.256,FALSE
12/8/2018,94.17111111,SJ-17,China,94.2°E,0.562,-0.256,FALSE
12/7/2018,94.153,SJ-17,China,94.2°E,0.561,-0.256,FALSE
12/6/2018,94.14716667,SJ-17,China,94.1°E,0.561,-0.256,FALSE
12/5/2018,94.10291667,SJ-17,China,94.1°E,0.561,-0.256,FALSE
12/4/2018,94.08891667,SJ-17,China,94.1°E,0.560,-0.256,FALSE
12/3/2018,94.11119444,SJ-17,China,94.1°E,0.561,-0.256,FALSE
12/2/2018,94.13102778,SJ-17,China,94.1°E,0.561,-0.256,FALSE
12/1/2018,94.14958333,SJ-17,China,94.1°E,0.561,-0.256,FALSE
11/30/2018,94.16783333,SJ-17,China,94.2°E,0.562,-0.256,FALSE
11/29/2018,94.18225,SJ-17,China,94.2°E,0.562,-0.256,FALSE
11/28/2018,94.19555556,SJ-17,China,94.2°E,0.562,-0.256,FALSE
11/27/2018,94.20569444,SJ-17,China,94.2°E,0.562,-0.256,FALSE
11/26/2018,94.21683333,SJ-17,China,94.2°E,0.562,-0.256,FALSE
11/25/2018,94.22505556,SJ-17,China,94.2°E,0.562,-0.256,FALSE
11/24/2018,94.23030556,SJ-17,China,94.2°E,0.563,-0.255,FALSE
11/23/2018,94.23513889,SJ-17,China,94.2°E,0.563,-0.255,FALSE
11/22/2018,94.24208333,SJ-17,China,94.2°E,0.563,-0.255,FALSE
11/21/2018,94.24175,SJ-17,China,94.2°E,0.563,-0.255,FALSE
11/20/2018,94.24897222,SJ-17,China,94.2°E,0.563,-0.255,FALSE
11/19/2018,94.24841667,SJ-17,China,94.2°E,0.563,-0.255,FALSE
11/18/2018,94.24697222,SJ-17,China,94.2°E,0.563,-0.255,FALSE
11/17/2018,94.24419444,SJ-17,China,94.2°E,0.563,-0.255,FALSE
11/16/2018,94.23897222,SJ-17,China,94.2°E,0.563,-0.255,FALSE
11/15/2018,94.23161111,SJ-17,China,94.2°E,0.563,-0.255,FALSE
11/14/2018,94.22366667,SJ-17,China,94.2°E,0.562,-0.256,FALSE
11/13/2018,94.21533333,SJ-17,China,94.2°E,0.562,-0.256,FALSE
11/12/2018,94.20330556,SJ-17,China,94.2°E,0.562,-0.256,FALSE
11/11/2018,94.16211111,SJ-17,China,94.2°E,0.562,-0.256,FALSE
11/10/2018,94.12269444,SJ-17,China,94.1°E,0.561,-0.256,FALSE
11/9/2018,94.1785,SJ-17,China,94.2°E,0.562,-0.256,FALSE
11/8/2018,94.17169444,SJ-17,China,94.2°E,0.562,-0.256,FALSE
11/7/2018,94.10363889,SJ-17,China,94.1°E,0.561,-0.256,FALSE
11/6/2018,94.12044444,SJ-17,China,94.1°E,0.561,-0.256,FALSE
11/5/2018,94.13636111,SJ-17,China,94.1°E,0.561,-0.256,FALSE
11/4/2018,94.15358333,SJ-17,China,94.2°E,0.561,-0.256,FALSE
11/3/2018,94.16913889,SJ-17,China,94.2°E,0.562,-0.256,FALSE
11/2/2018,94.18227778,SJ-17,China,94.2°E,0.562,-0.256,FALSE
11/1/2018,94.1925,SJ-17,China,94.2°E,0.562,-0.256,FALSE
10/31/2018,94.20455556,SJ-17,China,94.2°E,0.562,-0.256,FALSE
10/30/2018,94.21238889,SJ-17,China,94.2°E,0.562,-0.256,FALSE
10/29/2018,94.21941667,SJ-17,China,94.2°E,0.562,-0.256,FALSE
10/28/2018,94.22308333,SJ-17,China,94.2°E,0.562,-0.256,FALSE
10/27/2018,94.22711111,SJ-17,China,94.2°E,0.562,-0.255,FALSE
10/26/2018,94.23019444,SJ-17,China,94.2°E,0.563,-0.255,FALSE
10/25/2018,94.23336111,SJ-17,China,94.2°E,0.563,-0.255,FALSE
10/24/2018,94.23522222,SJ-17,China,94.2°E,0.563,-0.255,FALSE
10/23/2018,94.23419444,SJ-17,China,94.2°E,0.563,-0.255,FALSE
10/22/2018,94.23344444,SJ-17,China,94.2°E,0.563,-0.255,FALSE
10/21/2018,94.23238889,SJ-17,China,94.2°E,0.563,-0.255,FALSE
10/20/2018,94.22669444,SJ-17,China,94.2°E,0.562,-0.256,FALSE
10/19/2018,94.22130556,SJ-17,China,94.2°E,0.562,-0.256,FALSE
10/18/2018,94.21219444,SJ-17,China,94.2°E,0.562,-0.256,FALSE
10/17/2018,94.20055556,SJ-17,China,94.2°E,0.562,-0.256,FALSE
10/16/2018,94.18847222,SJ-17,China,94.2°E,0.562,-0.256,FALSE
10/15/2018,94.17841667,SJ-17,China,94.2°E,0.562,-0.256,FALSE
10/14/2018,94.10502778,SJ-17,China,94.1°E,0.561,-0.256,FALSE
10/13/2018,94.11225,SJ-17,China,94.1°E,0.561,-0.256,FALSE
10/12/2018,94.12861111,SJ-17,China,94.1°E,0.561,-0.256,FALSE
10/11/2018,94.14527778,SJ-17,China,94.1°E,0.561,-0.256,FALSE
10/10/2018,94.16019444,SJ-17,China,94.2°E,0.562,-0.256,FALSE
10/9/2018,94.175,SJ-17,China,94.2°E,0.562,-0.256,FALSE
10/8/2018,94.18891667,SJ-17,China,94.2°E,0.562,-0.256,FALSE
10/7/2018,94.2015,SJ-17,China,94.2°E,0.562,-0.256,FALSE
10/6/2018,94.21219444,SJ-17,China,94.2°E,0.562,-0.256,FALSE
10/5/2018,94.22061111,SJ-17,China,94.2°E,0.562,-0.256,FALSE
10/4/2018,94.22775,SJ-17,China,94.2°E,0.562,-0.255,FALSE
10/3/2018,94.22991667,SJ-17,China,94.2°E,0.563,-0.255,FALSE
10/2/2018,94.23180556,SJ-17,China,94.2°E,0.563,-0.255,FALSE
10/1/2018,94.23458333,SJ-17,China,94.2°E,0.563,-0.255,FALSE
9/30/2018,94.23580556,SJ-17,China,94.2°E,0.563,-0.255,FALSE
9/29/2018,94.23241667,SJ-17,China,94.2°E,0.563,-0.255,FALSE
9/28/2018,94.22855556,SJ-17,China,94.2°E,0.562,-0.255,FALSE
9/27/2018,94.22555556,SJ-17,China,94.2°E,0.562,-0.256,FALSE
9/26/2018,94.21983333,SJ-17,China,94.2°E,0.562,-0.256,FALSE
9/25/2018,94.21280556,SJ-17,China,94.2°E,0.562,-0.256,FALSE
9/24/2018,94.20194444,SJ-17,China,94.2°E,0.562,-0.256,FALSE
9/23/2018,94.18308333,SJ-17,China,94.2°E,0.562,-0.256,FALSE
9/22/2018,94.18541667,SJ-17,China,94.2°E,0.562,-0.256,FALSE
9/21/2018,94.11877778,SJ-17,China,94.1°E,0.561,-0.256,FALSE
9/20/2018,94.07838889,SJ-17,China,94.1°E,0.560,-0.256,FALSE
9/19/2018,94.08977778,SJ-17,China,94.1°E,0.560,-0.256,FALSE
9/18/2018,94.09925,SJ-17,China,94.1°E,0.561,-0.256,TRUE
9/17/2018,94.10730556,SJ-17,China,94.1°E,0.561,-0.256,TRUE
9/16/2018,94.11375,SJ-17,China,94.1°E,0.561,-0.256,TRUE
9/15/2018,94.11955556,SJ-17,China,94.1°E,0.561,-0.256,TRUE
9/14/2018,94.12725,SJ-17,China,94.1°E,0.561,-0.256,TRUE
9/13/2018,94.13525,SJ-17,China,94.1°E,0.561,-0.256,TRUE
9/12/2018,94.14280556,SJ-17,China,94.1°E,0.561,-0.256,TRUE
9/11/2018,94.149,SJ-17,China,94.1°E,0.561,-0.256,TRUE
9/10/2018,94.15333333,SJ-17,China,94.2°E,0.561,-0.256,TRUE
9/9/2018,94.15669444,SJ-17,China,94.2°E,0.561,-0.256,TRUE
9/8/2018,94.15725,SJ-17,China,94.2°E,0.561,-0.256,TRUE
9/7/2018,94.15352778,SJ-17,China,94.2°E,0.561,-0.256,TRUE
9/6/2018,94.14836111,SJ-17,China,94.1°E,0.561,-0.256,TRUE
9/5/2018,94.14108333,SJ-17,China,94.1°E,0.561,-0.256,TRUE
9/4/2018,94.13269444,SJ-17,China,94.1°E,0.561,-0.256,TRUE
9/3/2018,94.12294444,SJ-17,China,94.1°E,0.561,-0.256,TRUE
9/2/2018,94.11005556,SJ-17,China,94.1°E,0.561,-0.256,TRUE
9/1/2018,94.67166667,SJ-17,China,94.7°E,0.569,-0.254,TRUE
8/31/2018,94.28569444,SJ-17,China,94.3°E,0.563,-0.255,TRUE
8/30/2018,93.37538889,SJ-17,China,93.4°E,0.550,-0.258,TRUE
8/29/2018,92.46586111,SJ-17,China,92.5°E,0.537,-0.261,TRUE
8/28/2018,91.55977778,SJ-17,China,91.6°E,0.523,-0.263,TRUE
8/27/2018,90.65436111,SJ-17,China,90.7°E,0.510,-0.266,TRUE
8/26/2018,89.74308333,SJ-17,China,89.7°E,0.496,-0.268,TRUE
8/25/2018,88.82938889,SJ-17,China,88.8°E,0.482,-0.271,TRUE
8/24/2018,87.91388889,SJ-17,China,87.9°E,0.468,-0.273,TRUE
8/23/2018,86.99652778,SJ-17,China,87.0°E,0.454,-0.275,TRUE
8/22/2018,86.07875,SJ-17,China,86.1°E,0.440,-0.278,TRUE
8/21/2018,85.15788889,SJ-17,China,85.2°E,0.425,-0.280,TRUE
8/20/2018,84.21783333,SJ-17,China,84.2°E,0.410,-0.282,TRUE
8/19/2018,83.04511111,SJ-17,China,83.0°E,0.391,-0.284,TRUE
8/18/2018,82.57658333,SJ-17,China,82.6°E,0.384,-0.285,TRUE
8/17/2018,82.10311111,SJ-17,China,82.1°E,0.376,-0.286,TRUE
8/16/2018,81.65477778,SJ-17,China,81.7°E,0.369,-0.287,TRUE
8/15/2018,80.80805556,SJ-17,China,80.8°E,0.355,-0.289,TRUE
8/14/2018,80.78763889,SJ-17,China,80.8°E,0.355,-0.289,TRUE
8/13/2018,80.75938889,SJ-17,China,80.8°E,0.354,-0.289,TRUE
8/12/2018,80.73058333,SJ-17,China,80.7°E,0.354,-0.289,TRUE
8/11/2018,80.70180556,SJ-17,China,80.7°E,0.354,-0.289,TRUE
8/10/2018,80.66672222,SJ-17,China,80.7°E,0.353,-0.289,TRUE
8/9/2018,80.61552778,SJ-17,China,80.6°E,0.352,-0.289,TRUE
8/8/2018,80.5915,SJ-17,China,80.6°E,0.352,-0.289,TRUE
8/7/2018,80.57716667,SJ-17,China,80.6°E,0.351,-0.289,TRUE
8/6/2018,80.54686111,SJ-17,China,80.5°E,0.351,-0.289,TRUE
8/5/2018,80.53175,SJ-17,China,80.5°E,0.351,-0.289,TRUE
8/4/2018,80.44333333,SJ-17,China,80.4°E,0.349,-0.290,TRUE
8/3/2018,80.39602778,SJ-17,China,80.4°E,0.349,-0.290,TRUE
8/2/2018,80.34261111,SJ-17,China,80.3°E,0.348,-0.290,TRUE
8/1/2018,80.40586111,SJ-17,China,80.4°E,0.349,-0.290,TRUE
7/31/2018,80.45575,SJ-17,China,80.5°E,0.349,-0.290,TRUE
7/30/2018,80.51477778,SJ-17,China,80.5°E,0.350,-0.289,TRUE
7/29/2018,80.572,SJ-17,China,80.6°E,0.351,-0.289,TRUE
7/28/2018,80.62947222,SJ-17,China,80.6°E,0.352,-0.289,TRUE
7/27/2018,80.68702778,SJ-17,China,80.7°E,0.353,-0.289,TRUE
7/26/2018,80.75933333,SJ-17,China,80.8°E,0.354,-0.289,TRUE
7/25/2018,80.79858333,SJ-17,China,80.8°E,0.355,-0.289,TRUE
7/24/2018,80.78475,SJ-17,China,80.8°E,0.355,-0.289,TRUE
7/23/2018,80.80055556,SJ-17,China,80.8°E,0.355,-0.289,TRUE
7/22/2018,76.53733333,SJ-17,China,76.5°E,0.285,-0.296,TRUE
7/21/2018,81.1875,SJ-17,China,81.2°E,0.361,-0.288,TRUE
7/20/2018,85.69433333,SJ-17,China,85.7°E,0.434,-0.278,TRUE
7/19/2018,94.38025,SJ-17,China,94.4°E,0.565,-0.255,TRUE
7/18/2018,94.37858333,SJ-17,China,94.4°E,0.565,-0.255,TRUE
7/17/2018,94.37241667,SJ-17,China,94.4°E,0.565,-0.255,TRUE
7/16/2018,94.35866667,SJ-17,China,94.4°E,0.564,-0.255,TRUE
7/15/2018,94.33297222,SJ-17,China,94.3°E,0.564,-0.255,TRUE
7/14/2018,94.34572222,SJ-17,China,94.3°E,0.564,-0.255,TRUE
7/13/2018,94.28322222,SJ-17,China,94.3°E,0.563,-0.255,TRUE
7/12/2018,94.30025,SJ-17,China,94.3°E,0.564,-0.255,TRUE
7/11/2018,94.315,SJ-17,China,94.3°E,0.564,-0.255,TRUE
7/10/2018,94.32636111,SJ-17,China,94.3°E,0.564,-0.255,TRUE
7/9/2018,94.33838889,SJ-17,China,94.3°E,0.564,-0.255,TRUE
7/8/2018,94.34891667,SJ-17,China,94.3°E,0.564,-0.255,TRUE
7/7/2018,94.34033333,SJ-17,China,94.3°E,0.564,-0.255,TRUE
7/6/2018,94.37291667,SJ-17,China,94.4°E,0.565,-0.255,TRUE
7/5/2018,94.38202778,SJ-17,China,94.4°E,0.565,-0.255,TRUE
7/4/2018,94.38744444,SJ-17,China,94.4°E,0.565,-0.255,TRUE
7/3/2018,94.39172222,SJ-17,China,94.4°E,0.565,-0.255,TRUE
7/2/2018,94.39477778,SJ-17,China,94.4°E,0.565,-0.255,TRUE
7/1/2018,94.3755,SJ-17,China,94.4°E,0.565,-0.255,TRUE
6/30/2018,94.33433333,SJ-17,China,94.3°E,0.564,-0.255,TRUE
6/29/2018,94.39758333,SJ-17,China,94.4°E,0.565,-0.255,TRUE
6/28/2018,94.66019444,SJ-17,China,94.7°E,0.569,-0.254,TRUE
6/27/2018,94.945,SJ-17,China,94.9°E,0.573,-0.253,TRUE
6/26/2018,95.21333333,SJ-17,China,95.2°E,0.577,-0.252,TRUE
6/25/2018,95.48375,SJ-17,China,95.5°E,0.580,-0.252,TRUE
6/24/2018,95.72913889,SJ-17,China,95.7°E,0.584,-0.251,TRUE
6/23/2018,95.93883333,SJ-17,China,95.9°E,0.587,-0.250,TRUE
6/22/2018,96.31361111,SJ-17,China,96.3°E,0.592,-0.249,TRUE
6/21/2018,96.65588889,SJ-17,China,96.7°E,0.597,-0.248,TRUE
6/20/2018,97.05991667,SJ-17,China,97.1°E,0.603,-0.247,TRUE
6/19/2018,97.42602778,SJ-17,China,97.4°E,0.608,-0.245,TRUE
6/18/2018,97.79186111,SJ-17,China,97.8°E,0.613,-0.244,TRUE
6/17/2018,98.15688889,SJ-17,China,98.2°E,0.618,-0.243,TRUE
6/16/2018,98.40058333,SJ-17,China,98.4°E,0.621,-0.242,TRUE
6/15/2018,98.95194444,SJ-17,China,99.0°E,0.629,-0.240,TRUE
6/14/2018,99.62363889,SJ-17,China,99.6°E,0.638,-0.238,TRUE
6/13/2018,100.0366944,SJ-17,China,100.0°E,0.643,-0.237,TRUE
6/12/2018,100.4412778,SJ-17,China,100.4°E,0.649,-0.235,TRUE
6/11/2018,100.844,SJ-17,China,100.8°E,0.654,-0.234,TRUE
6/10/2018,101.2557222,SJ-17,China,101.3°E,0.659,-0.232,TRUE
6/9/2018,101.5456944,SJ-17,China,101.5°E,0.663,-0.231,TRUE
6/8/2018,102.0823056,SJ-17,China,102.1°E,0.670,-0.229,TRUE
6/7/2018,102.8115833,SJ-17,China,102.8°E,0.680,-0.227,TRUE
6/6/2018,103.0696389,SJ-17,China,103.1°E,0.683,-0.226,TRUE
6/5/2018,103.6375278,SJ-17,China,103.6°E,0.690,-0.224,TRUE
6/4/2018,103.6515833,SJ-17,China,103.7°E,0.690,-0.224,TRUE
6/3/2018,103.6636389,SJ-17,China,103.7°E,0.690,-0.224,TRUE
6/2/2018,103.6849722,SJ-17,China,103.7°E,0.691,-0.223,TRUE
6/1/2018,103.7059722,SJ-17,China,103.7°E,0.691,-0.223,TRUE
5/31/2018,103.4229444,SJ-17,China,103.4°E,0.687,-0.224,TRUE
5/30/2018,103.6710278,SJ-17,China,103.7°E,0.691,-0.224,TRUE
5/29/2018,103.2632778,SJ-17,China,103.3°E,0.685,-0.225,TRUE
5/28/2018,103.7908889,SJ-17,China,103.8°E,0.692,-0.223,TRUE
5/27/2018,104.3029444,SJ-17,China,104.3°E,0.698,-0.221,TRUE
5/26/2018,105.2131667,SJ-17,China,105.2°E,0.710,-0.218,TRUE
5/25/2018,105.2461111,SJ-17,China,105.2°E,0.710,-0.218,TRUE
5/24/2018,105.2780556,SJ-17,China,105.3°E,0.711,-0.217,TRUE
5/23/2018,105.12175,SJ-17,China,105.1°E,0.709,-0.218,TRUE
5/22/2018,104.9805278,SJ-17,China,105.0°E,0.707,-0.219,TRUE
5/21/2018,105.3643056,SJ-17,China,105.4°E,0.712,-0.217,TRUE
5/20/2018,105.9752778,SJ-17,China,106.0°E,0.719,-0.215,TRUE
5/19/2018,106.0120833,SJ-17,China,106.0°E,0.719,-0.215,TRUE
5/18/2018,106.2016944,SJ-17,China,106.2°E,0.722,-0.214,TRUE
5/17/2018,106.0373889,SJ-17,China,106.0°E,0.720,-0.215,TRUE
5/16/2018,106.3589444,SJ-17,China,106.4°E,0.724,-0.213,TRUE
5/15/2018,106.3686389,SJ-17,China,106.4°E,0.724,-0.213,TRUE
5/14/2018,106.3668333,SJ-17,China,106.4°E,0.724,-0.213,TRUE
5/13/2018,106.3175278,SJ-17,China,106.3°E,0.723,-0.213,TRUE
5/12/2018,106.2094444,SJ-17,China,106.2°E,0.722,-0.214,TRUE
5/11/2018,106.0072222,SJ-17,China,106.0°E,0.719,-0.215,TRUE
5/10/2018,105.9872778,SJ-17,China,106.0°E,0.719,-0.215,TRUE
5/9/2018,105.7195278,SJ-17,China,105.7°E,0.716,-0.216,TRUE
5/8/2018,105.7294722,SJ-17,China,105.7°E,0.716,-0.216,TRUE
5/7/2018,106.2030833,SJ-17,China,106.2°E,0.722,-0.214,TRUE
5/6/2018,106.6736389,SJ-17,China,106.7°E,0.727,-0.212,TRUE
5/5/2018,107.1421389,SJ-17,China,107.1°E,0.733,-0.210,TRUE
5/4/2018,107.6052778,SJ-17,China,107.6°E,0.739,-0.208,TRUE
5/3/2018,108.0649722,SJ-17,China,108.1°E,0.744,-0.207,TRUE
5/2/2018,108.5205,SJ-17,China,108.5°E,0.749,-0.205,TRUE
5/1/2018,108.9729722,SJ-17,China,109.0°E,0.754,-0.203,TRUE
4/30/2018,109.4196667,SJ-17,China,109.4°E,0.759,-0.201,TRUE
4/29/2018,109.8635278,SJ-17,China,109.9°E,0.765,-0.199,TRUE
4/28/2018,110.3072222,SJ-17,China,110.3°E,0.769,-0.197,TRUE
4/27/2018,110.7533611,SJ-17,China,110.8°E,0.774,-0.196,TRUE
4/26/2018,110.9826667,SJ-17,China,111.0°E,0.777,-0.195,TRUE
4/25/2018,111.6495,SJ-17,China,111.6°E,0.784,-0.192,TRUE
4/24/2018,112.3134444,SJ-17,China,112.3°E,0.791,-0.189,TRUE
4/23/2018,112.9742778,SJ-17,China,113.0°E,0.798,-0.186,TRUE
4/22/2018,113.6325833,SJ-17,China,113.6°E,0.805,-0.183,TRUE
4/21/2018,114.28775,SJ-17,China,114.3°E,0.812,-0.180,TRUE
4/20/2018,114.9395556,SJ-17,China,114.9°E,0.819,-0.178,TRUE
4/19/2018,115.5901389,SJ-17,China,115.6°E,0.825,-0.175,TRUE
4/18/2018,116.2368056,SJ-17,China,116.2°E,0.831,-0.172,TRUE
4/17/2018,117.2551111,SJ-17,China,117.3°E,0.841,-0.167,TRUE
4/16/2018,118.156,SJ-17,China,118.2°E,0.849,-0.163,TRUE
4/15/2018,120.0030556,SJ-17,China,120.0°E,0.866,-0.154,TRUE
4/14/2018,116.9915,SJ-17,China,117.0°E,0.839,-0.168,TRUE
4/13/2018,113.9774722,SJ-17,China,114.0°E,0.809,-0.182,TRUE
4/12/2018,110.9633333,SJ-17,China,111.0°E,0.777,-0.195,TRUE
4/11/2018,107.9475,SJ-17,China,107.9°E,0.743,-0.207,TRUE
4/10/2018,104.9310556,SJ-17,China,104.9°E,0.706,-0.219,TRUE
4/9/2018,101.9128333,SJ-17,China,101.9°E,0.668,-0.230,TRUE
4/8/2018,98.88822222,SJ-17,China,98.9°E,0.628,-0.241,TRUE
4/7/2018,95.86988889,SJ-17,China,95.9°E,0.586,-0.250,TRUE
4/6/2018,92.84552778,SJ-17,China,92.8°E,0.542,-0.260,TRUE
4/5/2018,89.82288889,SJ-17,China,89.8°E,0.497,-0.268,TRUE
4/4/2018,86.80061111,SJ-17,China,86.8°E,0.451,-0.276,TRUE
4/3/2018,83.77741667,SJ-17,China,83.8°E,0.403,-0.283,TRUE
4/2/2018,80.74022222,SJ-17,China,80.7°E,0.354,-0.289,TRUE
4/1/2018,77.72466667,SJ-17,China,77.7°E,0.304,-0.294,TRUE
3/31/2018,74.70919444,SJ-17,China,74.7°E,0.254,-0.299,TRUE
3/30/2018,71.69375,SJ-17,China,71.7°E,0.203,-0.303,TRUE
3/29/2018,68.67544444,SJ-17,China,68.7°E,0.151,-0.305,TRUE
3/28/2018,65.65430556,SJ-17,China,65.7°E,0.099,-0.308,TRUE
3/27/2018,62.63241667,SJ-17,China,62.6°E,0.046,-0.309,TRUE
3/26/2018,59.60655556,SJ-17,China,59.6°E,-0.007,-0.309,TRUE
3/25/2018,56.5795,SJ-17,China,56.6°E,-0.060,-0.308,TRUE
3/24/2018,53.55213889,SJ-17,China,53.6°E,-0.112,-0.307,TRUE
3/23/2018,50.52202778,SJ-17,China,50.5°E,-0.165,-0.305,TRUE
3/22/2018,46.69175,SJ-17,China,46.7°E,-0.230,-0.301,TRUE
3/21/2018,44.33222222,SJ-17,China,44.3°E,-0.270,-0.298,TRUE
3/20/2018,37.97397222,SJ-17,China,38.0°E,-0.375,-0.286,TRUE
3/19/2018,39.85825,SJ-17,China,39.9°E,-0.344,-0.290,TRUE
3/18/2018,41.71913889,SJ-17,China,41.7°E,-0.314,-0.293,TRUE
3/17/2018,41.81805556,SJ-17,China,41.8°E,-0.312,-0.294,TRUE
3/16/2018,45.98580556,SJ-17,China,46.0°E,-0.242,-0.300,TRUE
3/15/2018,50.07972222,SJ-17,China,50.1°E,-0.172,-0.304,TRUE
3/14/2018,54.14461111,SJ-17,China,54.1°E,-0.102,-0.307,TRUE
3/13/2018,58.26688889,SJ-17,China,58.3°E,-0.030,-0.309,TRUE
3/12/2018,62.35258333,SJ-17,China,62.4°E,0.041,-0.309,TRUE
3/11/2018,66.44158333,SJ-17,China,66.4°E,0.112,-0.307,TRUE
3/10/2018,70.52875,SJ-17,China,70.5°E,0.183,-0.304,TRUE
3/9/2018,74.63258333,SJ-17,China,74.6°E,0.253,-0.299,TRUE
3/8/2018,78.70977778,SJ-17,China,78.7°E,0.321,-0.293,TRUE
3/7/2018,82.71905556,SJ-17,China,82.7°E,0.386,-0.285,TRUE
3/6/2018,86.80016667,SJ-17,China,86.8°E,0.451,-0.276,TRUE
3/5/2018,90.88052778,SJ-17,China,90.9°E,0.513,-0.265,TRUE
3/4/2018,94.95747222,SJ-17,China,95.0°E,0.573,-0.253,TRUE
3/3/2018,99.03872222,SJ-17,China,99.0°E,0.630,-0.240,TRUE
3/2/2018,103.1137778,SJ-17,China,103.1°E,0.683,-0.226,TRUE
3/1/2018,107.18925,SJ-17,China,107.2°E,0.734,-0.210,TRUE
2/28/2018,111.2649167,SJ-17,China,111.3°E,0.780,-0.193,TRUE
2/27/2018,115.3241667,SJ-17,China,115.3°E,0.822,-0.176,TRUE
2/26/2018,119.4493889,SJ-17,China,119.4°E,0.861,-0.157,TRUE
2/25/2018,123.5061667,SJ-17,China,123.5°E,0.895,-0.138,TRUE
2/24/2018,127.4933611,SJ-17,China,127.5°E,0.924,-0.118,TRUE
2/23/2018,131.5903889,SJ-17,China,131.6°E,0.949,-0.098,TRUE
2/22/2018,135.6918333,SJ-17,China,135.7°E,0.969,-0.076,TRUE
2/21/2018,139.7944167,SJ-17,China,139.8°E,0.984,-0.055,TRUE
2/20/2018,143.8995833,SJ-17,China,143.9°E,0.994,-0.033,TRUE
2/19/2018,147.9994722,SJ-17,China,148.0°E,0.999,-0.011,TRUE
2/18/2018,152.1056667,SJ-17,China,152.1°E,0.999,0.011,TRUE
2/17/2018,156.2128333,SJ-17,China,156.2°E,0.994,0.033,TRUE
2/16/2018,160.3185278,SJ-17,China,160.3°E,0.984,0.055,TRUE
2/15/2018,164.3946389,SJ-17,China,164.4°E,0.969,0.077,TRUE
2/14/2018,168.9085,SJ-17,China,168.9°E,0.946,0.100,TRUE
2/13/2018,172.7099167,SJ-17,China,172.7°E,0.922,0.119,TRUE
2/12/2018,176.8634167,SJ-17,China,176.9°E,0.892,0.140,TRUE
2/11/2018,176.0061389,SJ-17,China,176.0°E,0.899,0.135,TRUE
2/10/2018,177.8614722,SJ-17,China,177.9°E,0.884,0.144,TRUE
2/9/2018,179.7199722,SJ-17,China,179.7°E,0.868,0.153,TRUE
2/8/2018,178.4259722,SJ-17,China,178.4°E,0.879,0.147,TRUE
2/7/2018,176.5731667,SJ-17,China,176.6°E,0.894,0.138,TRUE
2/6/2018,174.7273889,SJ-17,China,174.7°E,0.908,0.129,TRUE
2/5/2018,172.8827778,SJ-17,China,172.9°E,0.921,0.120,TRUE
2/4/2018,171.04375,SJ-17,China,171.0°E,0.933,0.111,TRUE
2/3/2018,169.202,SJ-17,China,169.2°E,0.944,0.102,TRUE
2/2/2018,167.3600278,SJ-17,China,167.4°E,0.954,0.092,TRUE
2/1/2018,165.51925,SJ-17,China,165.5°E,0.964,0.083,TRUE
1/31/2018,163.6774722,SJ-17,China,163.7°E,0.972,0.073,TRUE
1/30/2018,161.8351667,SJ-17,China,161.8°E,0.979,0.063,TRUE
1/29/2018,159.9906944,SJ-17,China,160.0°E,0.985,0.054,TRUE
1/28/2018,158.1546667,SJ-17,China,158.2°E,0.990,0.044,TRUE
1/27/2018,156.8263889,SJ-17,China,156.8°E,0.993,0.037,TRUE
1/26/2018,154.8100556,SJ-17,China,154.8°E,0.996,0.026,TRUE
1/25/2018,152.4441944,SJ-17,China,152.4°E,0.999,0.013,TRUE
1/24/2018,149.5431944,SJ-17,China,149.5°E,1.000,-0.002,TRUE
1/23/2018,146.6415,SJ-17,China,146.6°E,0.998,-0.018,TRUE
1/22/2018,143.7310278,SJ-17,China,143.7°E,0.994,-0.034,TRUE
1/21/2018,140.6371389,SJ-17,China,140.6°E,0.987,-0.050,TRUE
1/20/2018,137.9121667,SJ-17,China,137.9°E,0.978,-0.065,TRUE
1/19/2018,135.1859444,SJ-17,China,135.2°E,0.967,-0.079,TRUE
1/18/2018,132.4588889,SJ-17,China,132.5°E,0.954,-0.093,TRUE
1/17/2018,129.7292778,SJ-17,China,129.7°E,0.938,-0.107,TRUE
1/16/2018,126.991,SJ-17,China,127.0°E,0.920,-0.121,TRUE
1/15/2018,124.2484167,SJ-17,China,124.2°E,0.901,-0.134,TRUE
1/14/2018,119.1601944,SJ-17,China,119.2°E,0.859,-0.158,TRUE
1/13/2018,118.8482222,SJ-17,China,118.8°E,0.856,-0.160,TRUE
1/12/2018,118.1013611,SJ-17,China,118.1°E,0.849,-0.163,TRUE
1/11/2018,118.1144722,SJ-17,China,118.1°E,0.849,-0.163,TRUE
1/10/2018,118.1261111,SJ-17,China,118.1°E,0.849,-0.163,FALSE
1/9/2018,118.1362222,SJ-17,China,118.1°E,0.849,-0.163,FALSE
1/8/2018,118.1433611,SJ-17,China,118.1°E,0.849,-0.163,FALSE
1/7/2018,118.1504722,SJ-17,China,118.2°E,0.849,-0.163,FALSE
1/6/2018,118.1531667,SJ-17,China,118.2°E,0.849,-0.163,FALSE
1/5/2018,118.1532222,SJ-17,China,118.2°E,0.849,-0.163,FALSE
1/4/2018,118.1508333,SJ-17,China,118.2°E,0.849,-0.163,FALSE
1/3/2018,118.1464167,SJ-17,China,118.1°E,0.849,-0.163,FALSE
1/2/2018,118.1396667,SJ-17,China,118.1°E,0.849,-0.163,FALSE
1/1/2018,118.1296389,SJ-17,China,118.1°E,0.849,-0.163,FALSE
12/31/2017,118.1191111,SJ-17,China,118.1°E,0.849,-0.163,FALSE
12/30/2017,118.0698611,SJ-17,China,118.1°E,0.849,-0.163,FALSE
12/29/2017,118.0848333,SJ-17,China,118.1°E,0.849,-0.163,FALSE
12/28/2017,118.0992222,SJ-17,China,118.1°E,0.849,-0.163,FALSE
12/27/2017,118.1105278,SJ-17,China,118.1°E,0.849,-0.163,FALSE
12/26/2017,118.1221389,SJ-17,China,118.1°E,0.849,-0.163,FALSE
12/25/2017,118.1313056,SJ-17,China,118.1°E,0.849,-0.163,FALSE
12/24/2017,118.1354444,SJ-17,China,118.1°E,0.849,-0.163,FALSE
12/23/2017,118.1393056,SJ-17,China,118.1°E,0.849,-0.163,FALSE
12/22/2017,118.1405,SJ-17,China,118.1°E,0.849,-0.163,FALSE
12/21/2017,118.1388333,SJ-17,China,118.1°E,0.849,-0.163,FALSE
12/20/2017,118.1358611,SJ-17,China,118.1°E,0.849,-0.163,FALSE
12/19/2017,118.1313611,SJ-17,China,118.1°E,0.849,-0.163,FALSE
12/18/2017,118.1232222,SJ-17,China,118.1°E,0.849,-0.163,FALSE
12/17/2017,118.0564167,SJ-17,China,118.1°E,0.849,-0.163,FALSE
12/16/2017,118.0743333,SJ-17,China,118.1°E,0.849,-0.163,FALSE
12/15/2017,118.0903611,SJ-17,China,118.1°E,0.849,-0.163,FALSE
12/14/2017,118.10425,SJ-17,China,118.1°E,0.849,-0.163,FALSE
12/13/2017,118.1154722,SJ-17,China,118.1°E,0.849,-0.163,FALSE
12/12/2017,118.1260278,SJ-17,China,118.1°E,0.849,-0.163,FALSE
12/11/2017,118.1339167,SJ-17,China,118.1°E,0.849,-0.163,FALSE
12/10/2017,118.1402222,SJ-17,China,118.1°E,0.849,-0.163,FALSE
12/9/2017,118.1434444,SJ-17,China,118.1°E,0.849,-0.163,FALSE
12/8/2017,118.11325,SJ-17,China,118.1°E,0.849,-0.163,FALSE
12/7/2017,118.1418333,SJ-17,China,118.1°E,0.849,-0.163,FALSE
12/6/2017,118.13575,SJ-17,China,118.1°E,0.849,-0.163,FALSE
12/5/2017,118.131,SJ-17,China,118.1°E,0.849,-0.163,FALSE
12/4/2017,118.1194167,SJ-17,China,118.1°E,0.849,-0.163,FALSE
12/3/2017,118.0706667,SJ-17,China,118.1°E,0.849,-0.163,FALSE
12/2/2017,118.0826111,SJ-17,China,118.1°E,0.849,-0.163,FALSE
12/1/2017,118.0995833,SJ-17,China,118.1°E,0.849,-0.163,FALSE
11/30/2017,118.1126944,SJ-17,China,118.1°E,0.849,-0.163,FALSE
11/29/2017,118.1603889,SJ-17,China,118.2°E,0.850,-0.163,FALSE
11/28/2017,118.1573056,SJ-17,China,118.2°E,0.849,-0.163,FALSE
11/27/2017,118.1568056,SJ-17,China,118.2°E,0.849,-0.163,FALSE
11/26/2017,118.1553611,SJ-17,China,118.2°E,0.849,-0.163,FALSE
11/25/2017,118.1503889,SJ-17,China,118.2°E,0.849,-0.163,FALSE
11/24/2017,118.1409167,SJ-17,China,118.1°E,0.849,-0.163,FALSE
11/23/2017,118.1309167,SJ-17,China,118.1°E,0.849,-0.163,FALSE
11/22/2017,118.0484167,SJ-17,China,118.0°E,0.848,-0.164,FALSE
11/21/2017,118.0662778,SJ-17,China,118.1°E,0.849,-0.163,FALSE
11/20/2017,118.081,SJ-17,China,118.1°E,0.849,-0.163,FALSE
11/19/2017,118.0954167,SJ-17,China,118.1°E,0.849,-0.163,FALSE
11/18/2017,118.1075278,SJ-17,China,118.1°E,0.849,-0.163,FALSE
11/17/2017,118.1176667,SJ-17,China,118.1°E,0.849,-0.163,FALSE
11/16/2017,118.1246667,SJ-17,China,118.1°E,0.849,-0.163,FALSE
11/15/2017,118.1324167,SJ-17,China,118.1°E,0.849,-0.163,FALSE
11/14/2017,118.1382778,SJ-17,China,118.1°E,0.849,-0.163,FALSE
11/13/2017,118.1415556,SJ-17,China,118.1°E,0.849,-0.163,FALSE
11/12/2017,118.1420833,SJ-17,China,118.1°E,0.849,-0.163,FALSE
11/11/2017,118.139,SJ-17,China,118.1°E,0.849,-0.163,FALSE
11/10/2017,118.1358333,SJ-17,China,118.1°E,0.849,-0.163,FALSE
11/9/2017,118.083,SJ-17,China,118.1°E,0.849,-0.163,FALSE
11/8/2017,118.1030278,SJ-17,China,118.1°E,0.849,-0.163,FALSE
11/7/2017,118.1361944,SJ-17,China,118.1°E,0.849,-0.163,FALSE
11/6/2017,118.15225,SJ-17,China,118.2°E,0.849,-0.163,FALSE
11/5/2017,118.1673611,SJ-17,China,118.2°E,0.850,-0.163,FALSE
11/4/2017,118.1720833,SJ-17,China,118.2°E,0.850,-0.163,FALSE
11/3/2017,118.1880278,SJ-17,China,118.2°E,0.850,-0.163,FALSE
11/2/2017,118.1999444,SJ-17,China,118.2°E,0.850,-0.163,FALSE
11/1/2017,118.229,SJ-17,China,118.2°E,0.850,-0.163,FALSE
10/31/2017,118.2321111,SJ-17,China,118.2°E,0.850,-0.163,FALSE
10/30/2017,118.2324444,SJ-17,China,118.2°E,0.850,-0.163,FALSE
10/29/2017,118.2278611,SJ-17,China,118.2°E,0.850,-0.163,FALSE
10/28/2017,118.2240556,SJ-17,China,118.2°E,0.850,-0.163,FALSE
10/27/2017,118.2153889,SJ-17,China,118.2°E,0.850,-0.163,FALSE
10/26/2017,118.2046389,SJ-17,China,118.2°E,0.850,-0.163,FALSE
10/25/2017,118.1945,SJ-17,China,118.2°E,0.850,-0.163,FALSE
10/24/2017,118.185,SJ-17,China,118.2°E,0.850,-0.163,FALSE
10/23/2017,118.1745,SJ-17,China,118.2°E,0.850,-0.163,FALSE
10/22/2017,118.1641111,SJ-17,China,118.2°E,0.850,-0.163,FALSE
10/21/2017,118.1455278,SJ-17,China,118.1°E,0.849,-0.163,FALSE
10/20/2017,118.1340556,SJ-17,China,118.1°E,0.849,-0.163,FALSE
10/19/2017,118.0710833,SJ-17,China,118.1°E,0.849,-0.163,FALSE
10/18/2017,118.0915556,SJ-17,China,118.1°E,0.849,-0.163,FALSE
10/17/2017,118.1096111,SJ-17,China,118.1°E,0.849,-0.163,FALSE
10/16/2017,118.1243333,SJ-17,China,118.1°E,0.849,-0.163,FALSE
10/15/2017,118.1380556,SJ-17,China,118.1°E,0.849,-0.163,FALSE
10/14/2017,118.1483333,SJ-17,China,118.1°E,0.849,-0.163,FALSE
10/13/2017,118.1568611,SJ-17,China,118.2°E,0.849,-0.163,FALSE
10/12/2017,118.1648056,SJ-17,China,118.2°E,0.850,-0.163,FALSE
10/11/2017,118.0765,SJ-17,China,118.1°E,0.849,-0.163,FALSE
10/10/2017,117.7530556,SJ-17,China,117.8°E,0.846,-0.165,FALSE
10/9/2017,117.9922778,SJ-17,China,118.0°E,0.848,-0.164,FALSE
10/8/2017,118.7411944,SJ-17,China,118.7°E,0.855,-0.160,FALSE
10/7/2017,119.4866111,SJ-17,China,119.5°E,0.862,-0.157,FALSE
10/6/2017,120.2356944,SJ-17,China,120.2°E,0.868,-0.153,FALSE
10/5/2017,120.9708056,SJ-17,China,121.0°E,0.874,-0.150,FALSE
10/4/2017,121.7021667,SJ-17,China,121.7°E,0.880,-0.146,FALSE
10/3/2017,122.4085278,SJ-17,China,122.4°E,0.886,-0.143,FALSE
10/2/2017,123.1732222,SJ-17,China,123.2°E,0.892,-0.139,FALSE
10/1/2017,124.1838889,SJ-17,China,124.2°E,0.900,-0.135,FALSE
9/30/2017,124.7814444,SJ-17,China,124.8°E,0.905,-0.132,FALSE
9/29/2017,124.7956111,SJ-17,China,124.8°E,0.905,-0.132,FALSE
9/28/2017,124.8121111,SJ-17,China,124.8°E,0.905,-0.132,FALSE
9/27/2017,124.8267222,SJ-17,China,124.8°E,0.905,-0.131,FALSE
9/26/2017,124.8411667,SJ-17,China,124.8°E,0.905,-0.131,FALSE
9/25/2017,124.8541667,SJ-17,China,124.9°E,0.905,-0.131,FALSE
9/24/2017,124.8655556,SJ-17,China,124.9°E,0.905,-0.131,FALSE
9/23/2017,124.8770556,SJ-17,China,124.9°E,0.905,-0.131,FALSE
9/22/2017,124.8861111,SJ-17,China,124.9°E,0.905,-0.131,FALSE
9/21/2017,124.8946111,SJ-17,China,124.9°E,0.906,-0.131,FALSE
9/20/2017,124.8989167,SJ-17,China,124.9°E,0.906,-0.131,FALSE
9/19/2017,124.90175,SJ-17,China,124.9°E,0.906,-0.131,FALSE
9/18/2017,124.9003889,SJ-17,China,124.9°E,0.906,-0.131,FALSE
9/17/2017,124.8995556,SJ-17,China,124.9°E,0.906,-0.131,FALSE
9/16/2017,124.8947778,SJ-17,China,124.9°E,0.906,-0.131,FALSE
9/15/2017,124.8866944,SJ-17,China,124.9°E,0.905,-0.131,FALSE
9/14/2017,124.8778056,SJ-17,China,124.9°E,0.905,-0.131,FALSE
9/13/2017,124.8661111,SJ-17,China,124.9°E,0.905,-0.131,FALSE
9/12/2017,124.8509722,SJ-17,China,124.9°E,0.905,-0.131,FALSE
9/11/2017,124.8349167,SJ-17,China,124.8°E,0.905,-0.131,FALSE
9/10/2017,124.8180556,SJ-17,China,124.8°E,0.905,-0.131,FALSE
9/9/2017,124.8001389,SJ-17,China,124.8°E,0.905,-0.132,FALSE
9/8/2017,124.7464722,SJ-17,China,124.7°E,0.904,-0.132,FALSE
9/7/2017,124.7231111,SJ-17,China,124.7°E,0.904,-0.132,FALSE
9/6/2017,124.7475,SJ-17,China,124.7°E,0.904,-0.132,FALSE
9/5/2017,124.7703056,SJ-17,China,124.8°E,0.905,-0.132,FALSE
9/4/2017,124.788,SJ-17,China,124.8°E,0.905,-0.132,FALSE
9/3/2017,124.8030278,SJ-17,China,124.8°E,0.905,-0.132,FALSE
9/2/2017,124.8156667,SJ-17,China,124.8°E,0.905,-0.131,FALSE
9/1/2017,124.8289444,SJ-17,China,124.8°E,0.905,-0.131,FALSE
8/31/2017,124.8406944,SJ-17,China,124.8°E,0.905,-0.131,FALSE
8/30/2017,124.8468889,SJ-17,China,124.8°E,0.905,-0.131,FALSE
8/29/2017,124.8565278,SJ-17,China,124.9°E,0.905,-0.131,FALSE
8/28/2017,124.86475,SJ-17,China,124.9°E,0.905,-0.131,FALSE
8/27/2017,124.8713611,SJ-17,China,124.9°E,0.905,-0.131,FALSE
8/26/2017,124.8771389,SJ-17,China,124.9°E,0.905,-0.131,FALSE
8/25/2017,124.882,SJ-17,China,124.9°E,0.905,-0.131,FALSE
8/24/2017,124.8855833,SJ-17,China,124.9°E,0.905,-0.131,FALSE
8/23/2017,124.8858056,SJ-17,China,124.9°E,0.905,-0.131,FALSE
8/22/2017,124.8845,SJ-17,China,124.9°E,0.905,-0.131,FALSE
8/21/2017,124.8817222,SJ-17,China,124.9°E,0.905,-0.131,FALSE
8/20/2017,124.875,SJ-17,China,124.9°E,0.905,-0.131,FALSE
8/19/2017,124.8665,SJ-17,China,124.9°E,0.905,-0.131,FALSE
8/18/2017,124.85525,SJ-17,China,124.9°E,0.905,-0.131,FALSE
8/17/2017,124.8437222,SJ-17,China,124.8°E,0.905,-0.131,FALSE
8/16/2017,124.8286667,SJ-17,China,124.8°E,0.905,-0.131,FALSE
8/15/2017,124.8140833,SJ-17,China,124.8°E,0.905,-0.132,FALSE
8/14/2017,124.7961667,SJ-17,China,124.8°E,0.905,-0.132,FALSE
8/13/2017,124.7788611,SJ-17,China,124.8°E,0.905,-0.132,FALSE
8/12/2017,124.7234167,SJ-17,China,124.7°E,0.904,-0.132,FALSE
8/11/2017,124.7450833,SJ-17,China,124.7°E,0.904,-0.132,FALSE
8/10/2017,124.7648333,SJ-17,China,124.8°E,0.905,-0.132,FALSE
8/9/2017,124.7818611,SJ-17,China,124.8°E,0.905,-0.132,FALSE
8/8/2017,124.7971944,SJ-17,China,124.8°E,0.905,-0.132,FALSE
8/7/2017,124.8142222,SJ-17,China,124.8°E,0.905,-0.132,FALSE
8/6/2017,124.8194722,SJ-17,China,124.8°E,0.905,-0.131,FALSE
8/5/2017,124.825,SJ-17,China,124.8°E,0.905,-0.131,FALSE
8/4/2017,124.8337778,SJ-17,China,124.8°E,0.905,-0.131,FALSE
8/3/2017,124.8415833,SJ-17,China,124.8°E,0.905,-0.131,FALSE
8/2/2017,124.84625,SJ-17,China,124.8°E,0.905,-0.131,FALSE
8/1/2017,124.8492222,SJ-17,China,124.8°E,0.905,-0.131,FALSE
7/31/2017,124.8522222,SJ-17,China,124.9°E,0.905,-0.131,FALSE
7/30/2017,124.8588611,SJ-17,China,124.9°E,0.905,-0.131,FALSE
7/29/2017,124.8606944,SJ-17,China,124.9°E,0.905,-0.131,FALSE
7/28/2017,124.8583889,SJ-17,China,124.9°E,0.905,-0.131,FALSE
7/27/2017,124.8568056,SJ-17,China,124.9°E,0.905,-0.131,FALSE
7/26/2017,124.8513889,SJ-17,China,124.9°E,0.905,-0.131,FALSE
7/25/2017,124.8431111,SJ-17,China,124.8°E,0.905,-0.131,FALSE
7/24/2017,124.8335833,SJ-17,China,124.8°E,0.905,-0.131,FALSE
7/23/2017,124.8196111,SJ-17,China,124.8°E,0.905,-0.131,FALSE
7/22/2017,124.7899167,SJ-17,China,124.8°E,0.905,-0.132,FALSE
7/21/2017,124.7519167,SJ-17,China,124.8°E,0.904,-0.132,FALSE
7/20/2017,124.6976111,SJ-17,China,124.7°E,0.904,-0.132,FALSE
7/19/2017,124.71175,SJ-17,China,124.7°E,0.904,-0.132,FALSE
7/18/2017,124.7365278,SJ-17,China,124.7°E,0.904,-0.132,FALSE
7/17/2017,124.7642222,SJ-17,China,124.8°E,0.905,-0.132,FALSE
7/16/2017,124.8053611,SJ-17,China,124.8°E,0.905,-0.132,FALSE
7/15/2017,124.8266667,SJ-17,China,124.8°E,0.905,-0.131,FALSE
7/14/2017,124.8448333,SJ-17,China,124.8°E,0.905,-0.131,FALSE
7/13/2017,124.8725556,SJ-17,China,124.9°E,0.905,-0.131,FALSE
7/12/2017,124.8823889,SJ-17,China,124.9°E,0.905,-0.131,FALSE
7/11/2017,124.8908333,SJ-17,China,124.9°E,0.906,-0.131,FALSE
7/10/2017,124.8988611,SJ-17,China,124.9°E,0.906,-0.131,FALSE
7/9/2017,124.9027222,SJ-17,China,124.9°E,0.906,-0.131,FALSE
7/8/2017,124.9042778,SJ-17,China,124.9°E,0.906,-0.131,FALSE
7/7/2017,124.9026389,SJ-17,China,124.9°E,0.906,-0.131,FALSE
7/6/2017,124.8996667,SJ-17,China,124.9°E,0.906,-0.131,FALSE
7/5/2017,124.883,SJ-17,China,124.9°E,0.905,-0.131,FALSE
7/4/2017,125.0119444,SJ-17,China,125.0°E,0.906,-0.131,FALSE
7/3/2017,125.0158611,SJ-17,China,125.0°E,0.906,-0.131,FALSE
7/2/2017,125.0956111,SJ-17,China,125.1°E,0.907,-0.130,FALSE
7/1/2017,124.8613611,SJ-17,China,124.9°E,0.905,-0.131,FALSE
6/30/2017,124.8839444,SJ-17,China,124.9°E,0.905,-0.131,FALSE
6/29/2017,124.9074444,SJ-17,China,124.9°E,0.906,-0.131,FALSE
6/28/2017,124.9266111,SJ-17,China,124.9°E,0.906,-0.131,FALSE
6/27/2017,124.9385278,SJ-17,China,124.9°E,0.906,-0.131,FALSE
6/26/2017,124.9596111,SJ-17,China,125.0°E,0.906,-0.131,FALSE
6/25/2017,124.9721111,SJ-17,China,125.0°E,0.906,-0.131,FALSE
6/24/2017,124.9695556,SJ-17,China,125.0°E,0.906,-0.131,FALSE
6/23/2017,124.9756944,SJ-17,China,125.0°E,0.906,-0.131,FALSE
6/22/2017,124.9305,SJ-17,China,124.9°E,0.906,-0.131,FALSE
6/21/2017,124.3038333,SJ-17,China,124.3°E,0.901,-0.134,FALSE
6/20/2017,124.8445556,SJ-17,China,124.8°E,0.905,-0.131,FALSE
6/19/2017,125.9629722,SJ-17,China,126.0°E,0.913,-0.126,FALSE
6/18/2017,127.08125,SJ-17,China,127.1°E,0.921,-0.120,FALSE
6/17/2017,128.1960556,SJ-17,China,128.2°E,0.928,-0.115,FALSE
6/16/2017,129.3129722,SJ-17,China,129.3°E,0.936,-0.109,FALSE
6/15/2017,130.42575,SJ-17,China,130.4°E,0.942,-0.104,FALSE
6/14/2017,131.5361944,SJ-17,China,131.5°E,0.949,-0.098,FALSE
6/13/2017,132.6447778,SJ-17,China,132.6°E,0.954,-0.092,FALSE
6/12/2017,133.7517778,SJ-17,China,133.8°E,0.960,-0.086,FALSE
6/11/2017,134.8569722,SJ-17,China,134.9°E,0.965,-0.081,FALSE
6/10/2017,135.9985,SJ-17,China,136.0°E,0.970,-0.075,FALSE
6/9/2017,137.5191944,SJ-17,China,137.5°E,0.976,-0.067,FALSE
6/8/2017,138.1758333,SJ-17,China,138.2°E,0.979,-0.063,FALSE
6/7/2017,138.8149444,SJ-17,China,138.8°E,0.981,-0.060,FALSE
6/6/2017,139.5151389,SJ-17,China,139.5°E,0.983,-0.056,FALSE
6/5/2017,140.1619722,SJ-17,China,140.2°E,0.985,-0.053,FALSE
6/4/2017,140.7889167,SJ-17,China,140.8°E,0.987,-0.049,FALSE
6/3/2017,141.4140833,SJ-17,China,141.4°E,0.989,-0.046,FALSE
6/2/2017,142.0376389,SJ-17,China,142.0°E,0.990,-0.043,FALSE
6/1/2017,142.6588056,SJ-17,China,142.7°E,0.992,-0.039,FALSE
5/31/2017,143.2771667,SJ-17,China,143.3°E,0.993,-0.036,FALSE
5/30/2017,143.8945556,SJ-17,China,143.9°E,0.994,-0.033,FALSE
5/29/2017,144.5094722,SJ-17,China,144.5°E,0.995,-0.030,FALSE
5/28/2017,145.123,SJ-17,China,145.1°E,0.996,-0.026,FALSE
5/27/2017,145.7346944,SJ-17,China,145.7°E,0.997,-0.023,FALSE
5/26/2017,146.4067222,SJ-17,China,146.4°E,0.998,-0.019,FALSE
5/25/2017,146.9759722,SJ-17,China,147.0°E,0.999,-0.016,FALSE
5/24/2017,147.5637778,SJ-17,China,147.6°E,0.999,-0.013,FALSE
5/23/2017,148.1499722,SJ-17,China,148.1°E,0.999,-0.010,FALSE
5/22/2017,148.7350556,SJ-17,China,148.7°E,1.000,-0.007,FALSE
5/21/2017,149.3152222,SJ-17,China,149.3°E,1.000,-0.004,FALSE
5/20/2017,149.8938889,SJ-17,China,149.9°E,1.000,-0.001,FALSE
5/19/2017,150.4723056,SJ-17,China,150.5°E,1.000,0.003,FALSE
5/18/2017,151.0491111,SJ-17,China,151.0°E,1.000,0.006,FALSE
5/17/2017,151.6256389,SJ-17,China,151.6°E,1.000,0.009,FALSE
5/16/2017,152.2057778,SJ-17,China,152.2°E,0.999,0.012,FALSE
5/15/2017,152.7806389,SJ-17,China,152.8°E,0.999,0.015,FALSE
5/14/2017,153.3081944,SJ-17,China,153.3°E,0.998,0.018,FALSE
5/13/2017,153.9428889,SJ-17,China,153.9°E,0.998,0.021,FALSE
5/12/2017,154.5780833,SJ-17,China,154.6°E,0.997,0.025,FALSE
5/11/2017,155.1275833,SJ-17,China,155.1°E,0.996,0.028,FALSE
5/10/2017,155.8333889,SJ-17,China,155.8°E,0.995,0.031,FALSE
5/9/2017,156.5463333,SJ-17,China,156.5°E,0.993,0.035,FALSE
5/8/2017,157.2493333,SJ-17,China,157.2°E,0.992,0.039,FALSE
5/7/2017,158.2561111,SJ-17,China,158.3°E,0.990,0.044,FALSE
5/6/2017,158.6993889,SJ-17,China,158.7°E,0.988,0.047,FALSE
5/5/2017,159.1441111,SJ-17,China,159.1°E,0.987,0.049,FALSE
5/4/2017,159.5866111,SJ-17,China,159.6°E,0.986,0.051,FALSE
5/3/2017,160.0848889,SJ-17,China,160.1°E,0.985,0.054,FALSE
5/2/2017,160.4678333,SJ-17,China,160.5°E,0.983,0.056,FALSE
5/1/2017,160.8513056,SJ-17,China,160.9°E,0.982,0.058,FALSE
4/30/2017,161.2362778,SJ-17,China,161.2°E,0.981,0.060,FALSE
4/29/2017,161.61575,SJ-17,China,161.6°E,0.980,0.062,FALSE
4/28/2017,162.0360278,SJ-17,China,162.0°E,0.978,0.064,FALSE
4/27/2017,162.7679722,SJ-17,China,162.8°E,0.975,0.068,FALSE
4/26/2017,162.7861389,SJ-17,China,162.8°E,0.975,0.068,FALSE
4/25/2017,162.80575,SJ-17,China,162.8°E,0.975,0.068,FALSE
4/24/2017,162.8231667,SJ-17,China,162.8°E,0.975,0.069,FALSE
4/23/2017,162.8426944,SJ-17,China,162.8°E,0.975,0.069,FALSE
4/22/2017,162.8595833,SJ-17,China,162.9°E,0.975,0.069,FALSE
4/21/2017,162.8789167,SJ-17,China,162.9°E,0.975,0.069,FALSE
4/20/2017,162.8975556,SJ-17,China,162.9°E,0.975,0.069,FALSE
4/19/2017,162.9225833,SJ-17,China,162.9°E,0.975,0.069,FALSE
4/18/2017,163.00025,SJ-17,China,163.0°E,0.974,0.070,FALSE
4/17/2017,163.0152222,SJ-17,China,163.0°E,0.974,0.070,FALSE
4/16/2017,162.9569444,SJ-17,China,163.0°E,0.975,0.069,FALSE
4/15/2017,162.9765556,SJ-17,China,163.0°E,0.974,0.069,FALSE
4/14/2017,162.9966667,SJ-17,China,163.0°E,0.974,0.069,FALSE
4/13/2017,163.0168333,SJ-17,China,163.0°E,0.974,0.070,FALSE
4/12/2017,163.0373611,SJ-17,China,163.0°E,0.974,0.070,FALSE
4/11/2017,163.0585,SJ-17,China,163.1°E,0.974,0.070,FALSE
4/10/2017,163.0723611,SJ-17,China,163.1°E,0.974,0.070,FALSE
4/9/2017,163.1100833,SJ-17,China,163.1°E,0.974,0.070,FALSE
4/8/2017,163.1115833,SJ-17,China,163.1°E,0.974,0.070,FALSE
4/7/2017,163.1317222,SJ-17,China,163.1°E,0.974,0.070,FALSE
4/6/2017,163.1525833,SJ-17,China,163.2°E,0.974,0.070,FALSE
4/5/2017,163.17275,SJ-17,China,163.2°E,0.974,0.070,FALSE
4/4/2017,163.1923889,SJ-17,China,163.2°E,0.974,0.071,FALSE
4/3/2017,163.2116111,SJ-17,China,163.2°E,0.974,0.071,FALSE
4/2/2017,163.2316667,SJ-17,China,163.2°E,0.973,0.071,FALSE
4/1/2017,163.2513611,SJ-17,China,163.3°E,0.973,0.071,FALSE
3/31/2017,163.2295,SJ-17,China,163.2°E,0.973,0.071,FALSE
3/30/2017,163.4446389,SJ-17,China,163.4°E,0.973,0.072,FALSE
3/29/2017,163.2528889,SJ-17,China,163.3°E,0.973,0.071,FALSE
3/28/2017,163.0746667,SJ-17,China,163.1°E,0.974,0.070,FALSE
3/27/2017,163.0407222,SJ-17,China,163.0°E,0.974,0.070,FALSE
3/26/2017,162.9807778,SJ-17,China,163.0°E,0.974,0.069,FALSE
3/25/2017,162.9164167,SJ-17,China,162.9°E,0.975,0.069,FALSE
3/24/2017,162.9228333,SJ-17,China,162.9°E,0.975,0.069,FALSE
3/23/2017,162.9290833,SJ-17,China,162.9°E,0.975,0.069,FALSE
3/22/2017,162.9316667,SJ-17,China,162.9°E,0.975,0.069,FALSE
3/21/2017,162.9365833,SJ-17,China,162.9°E,0.975,0.069,FALSE
3/20/2017,162.94125,SJ-17,China,162.9°E,0.975,0.069,FALSE
3/19/2017,162.9440833,SJ-17,China,162.9°E,0.975,0.069,FALSE
3/18/2017,162.9493889,SJ-17,China,162.9°E,0.975,0.069,FALSE
3/17/2017,162.9526944,SJ-17,China,163.0°E,0.975,0.069,FALSE
3/16/2017,162.9529722,SJ-17,China,163.0°E,0.975,0.069,FALSE
3/15/2017,162.9547222,SJ-17,China,163.0°E,0.975,0.069,FALSE
3/14/2017,162.95525,SJ-17,China,163.0°E,0.975,0.069,FALSE
3/13/2017,162.9635833,SJ-17,China,163.0°E,0.975,0.069,FALSE
3/12/2017,162.9661667,SJ-17,China,163.0°E,0.975,0.069,FALSE
3/11/2017,162.9684167,SJ-17,China,163.0°E,0.974,0.069,FALSE
3/10/2017,162.97,SJ-17,China,163.0°E,0.974,0.069,FALSE
3/9/2017,162.9701111,SJ-17,China,163.0°E,0.974,0.069,FALSE
3/8/2017,162.9697778,SJ-17,China,163.0°E,0.974,0.069,FALSE
3/7/2017,162.9703056,SJ-17,China,163.0°E,0.974,0.069,FALSE
3/6/2017,162.9693611,SJ-17,China,163.0°E,0.974,0.069,FALSE
3/5/2017,162.9674444,SJ-17,China,163.0°E,0.974,0.069,FALSE
3/4/2017,162.9648333,SJ-17,China,163.0°E,0.975,0.069,FALSE
3/3/2017,162.96425,SJ-17,China,163.0°E,0.975,0.069,FALSE
3/2/2017,162.9661944,SJ-17,China,163.0°E,0.975,0.069,FALSE
3/1/2017,162.9661389,SJ-17,China,163.0°E,0.975,0.069,FALSE
2/28/2017,162.9703611,SJ-17,China,163.0°E,0.974,0.069,FALSE
2/27/2017,162.9720833,SJ-17,China,163.0°E,0.974,0.069,FALSE
2/26/2017,162.9730556,SJ-17,China,163.0°E,0.974,0.069,FALSE
2/25/2017,162.9751944,SJ-17,China,163.0°E,0.974,0.069,FALSE
2/24/2017,162.9755,SJ-17,China,163.0°E,0.974,0.069,FALSE
2/23/2017,162.975,SJ-17,China,163.0°E,0.974,0.069,FALSE
2/22/2017,162.9735278,SJ-17,China,163.0°E,0.974,0.069,FALSE
2/21/2017,162.9708889,SJ-17,China,163.0°E,0.974,0.069,FALSE
2/20/2017,162.9706667,SJ-17,China,163.0°E,0.974,0.069,FALSE
2/19/2017,162.9721111,SJ-17,China,163.0°E,0.974,0.069,FALSE
2/18/2017,162.9706389,SJ-17,China,163.0°E,0.974,0.069,FALSE
2/17/2017,162.9722222,SJ-17,China,163.0°E,0.974,0.069,FALSE
2/16/2017,162.9735833,SJ-17,China,163.0°E,0.974,0.069,FALSE
2/15/2017,162.9729444,SJ-17,China,163.0°E,0.974,0.069,FALSE
2/14/2017,162.9777222,SJ-17,China,163.0°E,0.974,0.069,FALSE
2/13/2017,162.9835278,SJ-17,China,163.0°E,0.974,0.069,FALSE
2/12/2017,162.9911667,SJ-17,China,163.0°E,0.974,0.069,FALSE
2/11/2017,162.9971389,SJ-17,China,163.0°E,0.974,0.069,FALSE
2/10/2017,163.0009444,SJ-17,China,163.0°E,0.974,0.070,FALSE
2/9/2017,163.0039444,SJ-17,China,163.0°E,0.974,0.070,FALSE
2/8/2017,163.0062778,SJ-17,China,163.0°E,0.974,0.070,FALSE
2/7/2017,163.0199167,SJ-17,China,163.0°E,0.974,0.070,FALSE
2/6/2017,163.0231667,SJ-17,China,163.0°E,0.974,0.070,FALSE
2/5/2017,163.02175,SJ-17,China,163.0°E,0.974,0.070,FALSE
2/4/2017,163.0161111,SJ-17,China,163.0°E,0.974,0.070,FALSE
2/3/2017,163.0182778,SJ-17,China,163.0°E,0.974,0.070,FALSE
2/2/2017,163.0322222,SJ-17,China,163.0°E,0.974,0.070,FALSE
2/1/2017,163.0375833,SJ-17,China,163.0°E,0.974,0.070,FALSE
1/31/2017,163.0395,SJ-17,China,163.0°E,0.974,0.070,FALSE
1/30/2017,163.0419722,SJ-17,China,163.0°E,0.974,0.070,FALSE
1/29/2017,163.0353889,SJ-17,China,163.0°E,0.974,0.070,FALSE
1/28/2017,163.0408056,SJ-17,China,163.0°E,0.974,0.070,FALSE
1/27/2017,163.0454167,SJ-17,China,163.0°E,0.974,0.070,FALSE
1/26/2017,163.0489167,SJ-17,China,163.0°E,0.974,0.070,FALSE
1/25/2017,163.05575,SJ-17,China,163.1°E,0.974,0.070,FALSE
1/24/2017,163.0410278,SJ-17,China,163.0°E,0.974,0.070,FALSE
1/23/2017,163.0419167,SJ-17,China,163.0°E,0.974,0.070,FALSE
1/22/2017,163.0593611,SJ-17,China,163.1°E,0.974,0.070,FALSE
1/21/2017,163.0596667,SJ-17,China,163.1°E,0.974,0.070,FALSE
1/20/2017,163.06,SJ-17,China,163.1°E,0.974,0.070,FALSE
1/19/2017,163.0600556,SJ-17,China,163.1°E,0.974,0.070,FALSE
1/18/2017,163.0636667,SJ-17,China,163.1°E,0.974,0.070,FALSE
1/17/2017,163.0621389,SJ-17,China,163.1°E,0.974,0.070,FALSE
1/16/2017,163.0639167,SJ-17,China,163.1°E,0.974,0.070,FALSE
1/15/2017,163.0680278,SJ-17,China,163.1°E,0.974,0.070,FALSE
1/14/2017,163.071,SJ-17,China,163.1°E,0.974,0.070,FALSE
1/13/2017,163.0729722,SJ-17,China,163.1°E,0.974,0.070,FALSE
1/12/2017,163.0741667,SJ-17,China,163.1°E,0.974,0.070,FALSE
1/11/2017,163.0765,SJ-17,China,163.1°E,0.974,0.070,FALSE
1/10/2017,163.0775,SJ-17,China,163.1°E,0.974,0.070,FALSE
1/9/2017,163.0768889,SJ-17,China,163.1°E,0.974,0.070,FALSE
1/8/2017,163.078,SJ-17,China,163.1°E,0.974,0.070,FALSE
1/7/2017,163.0767778,SJ-17,China,163.1°E,0.974,0.070,FALSE
1/6/2017,163.0766389,SJ-17,China,163.1°E,0.974,0.070,FALSE
1/5/2017,163.0770278,SJ-17,China,163.1°E,0.974,0.070,FALSE
1/4/2017,163.07625,SJ-17,China,163.1°E,0.974,0.070,FALSE
1/3/2017,163.07075,SJ-17,China,163.1°E,0.974,0.070,FALSE
1/2/2017,163.0655278,SJ-17,China,163.1°E,0.974,0.070,FALSE
1/1/2017,163.06525,SJ-17,China,163.1°E,0.974,0.070,FALSE
12/31/2016,163.06325,SJ-17,China,163.1°E,0.974,0.070,FALSE
12/30/2016,163.0583333,SJ-17,China,163.1°E,0.974,0.070,FALSE
12/29/2016,163.0600278,SJ-17,China,163.1°E,0.974,0.070,FALSE
12/28/2016,163.0575556,SJ-17,China,163.1°E,0.974,0.070,FALSE
12/27/2016,163.0533333,SJ-17,China,163.1°E,0.974,0.070,FALSE
12/26/2016,163.0548056,SJ-17,China,163.1°E,0.974,0.070,FALSE
12/25/2016,163.0659167,SJ-17,China,163.1°E,0.974,0.070,FALSE
12/24/2016,163.0655278,SJ-17,China,163.1°E,0.974,0.070,FALSE
12/23/2016,163.0659722,SJ-17,China,163.1°E,0.974,0.070,FALSE
12/22/2016,163.0663611,SJ-17,China,163.1°E,0.974,0.070,FALSE
12/21/2016,163.0749444,SJ-17,China,163.1°E,0.974,0.070,FALSE
12/20/2016,163.0778611,SJ-17,China,163.1°E,0.974,0.070,FALSE
12/19/2016,163.0800833,SJ-17,China,163.1°E,0.974,0.070,FALSE
12/18/2016,163.0839444,SJ-17,China,163.1°E,0.974,0.070,FALSE
12/17/2016,163.0878611,SJ-17,China,163.1°E,0.974,0.070,FALSE
12/16/2016,163.0906667,SJ-17,China,163.1°E,0.974,0.070,FALSE
12/15/2016,163.0930833,SJ-17,China,163.1°E,0.974,0.070,FALSE
12/14/2016,163.0961111,SJ-17,China,163.1°E,0.974,0.070,FALSE
12/13/2016,163.0993889,SJ-17,China,163.1°E,0.974,0.070,FALSE
12/12/2016,163.1033611,SJ-17,China,163.1°E,0.974,0.070,FALSE
12/11/2016,163.1085,SJ-17,China,163.1°E,0.974,0.070,FALSE
12/10/2016,163.1193611,SJ-17,China,163.1°E,0.974,0.070,FALSE
12/9/2016,163.2588889,SJ-17,China,163.3°E,0.973,0.071,FALSE
12/8/2016,163.3165,SJ-17,China,163.3°E,0.973,0.071,FALSE
12/7/2016,163.2114167,SJ-17,China,163.2°E,0.974,0.071,FALSE
12/6/2016,163.0947222,SJ-17,China,163.1°E,0.974,0.070,FALSE
12/5/2016,162.9946944,SJ-17,China,163.0°E,0.974,0.069,FALSE
12/4/2016,162.7725278,SJ-17,China,162.8°E,0.975,0.068,FALSE
12/3/2016,162.7351667,SJ-17,China,162.7°E,0.975,0.068,FALSE
12/2/2016,162.5321389,SJ-17,China,162.5°E,0.976,0.067,FALSE
12/1/2016,162.9075278,SJ-17,China,162.9°E,0.975,0.069,FALSE
11/30/2016,162.8628056,SJ-17,China,162.9°E,0.975,0.069,FALSE
11/29/2016,162.8829167,SJ-17,China,162.9°E,0.975,0.069,FALSE
11/28/2016,162.8539444,SJ-17,China,162.9°E,0.975,0.069,FALSE
11/27/2016,162.9015556,SJ-17,China,162.9°E,0.975,0.069,FALSE
11/26/2016,162.8967222,SJ-17,China,162.9°E,0.975,0.069,FALSE
11/25/2016,162.8938056,SJ-17,China,162.9°E,0.975,0.069,FALSE
11/24/2016,162.9059167,SJ-17,China,162.9°E,0.975,0.069,FALSE
11/23/2016,162.9130833,SJ-17,China,162.9°E,0.975,0.069,FALSE
11/22/2016,163.0006111,SJ-17,China,163.0°E,0.974,0.070,FALSE
11/21/2016,163.0926667,SJ-17,China,163.1°E,0.974,0.070,FALSE
11/20/2016,162.9163333,SJ-17,China,162.9°E,0.975,0.069,FALSE
11/19/2016,162.9158056,SJ-17,China,162.9°E,0.975,0.069,FALSE
11/18/2016,162.9161389,SJ-17,China,162.9°E,0.975,0.069,FALSE
11/17/2016,162.93925,SJ-17,China,162.9°E,0.975,0.069,FALSE
11/16/2016,162.8171944,SJ-17,China,162.8°E,0.975,0.069,FALSE
11/15/2016,162.8373889,SJ-17,China,162.8°E,0.975,0.069,FALSE
11/14/2016,162.8065,SJ-17,China,162.8°E,0.975,0.068,FALSE
11/13/2016,162.1024722,SJ-17,China,162.1°E,0.978,0.065,FALSE